year,name,awards,g1,gs1,g2,gs2
2014,Jadeveon Clowney,Pro Bowl,4.0,2.0,13.0,9.0
2014,Greg Robinson,none,16.0,12.0,16.0,16.0
2014,Blake Bortles ,none,14.0,13.0,16.0,16.0
2014,Sammy Watkins,none,16.0,16.0,13.0,13.0
2014,Khalil Mack,"Pro Bowl, All Pro, PoY",16.0,16.0,16.0,16.0
2014,Jake Matthews,Pro Bowl,15.0,15.0,16.0,16.0
2014,Mike Evans,Pro Bowl,15.0,15.0,15.0,14.0
2014,Justin Gilbert,none,14.0,2.0,9.0,1.0
2014,Anthony Barr,Pro Bowl,12.0,12.0,14.0,14.0
2014,Eric Ebron,Pro Bowl,13.0,7.0,14.0,8.0
2014,Taylor Lewan,Pro Bowl,11.0,6.0,15.0,15.0
2014,Odell Beckham Jr.,Pro Bowl,12.0,11.0,15.0,15.0
2014,Aaron Donald,"Pro Bowl, All Pro, PoY",16.0,12.0,16.0,16.0
2014,Kyle Fuller ,"Pro Bowl, All Pro",16.0,14.0,16.0,16.0
2014,Ryan Shazier,Pro Bowl,9.0,5.0,12.0,12.0
2014,Zack Martin ,"Pro Bowl, All Pro",16.0,16.0,16.0,16.0
2014,C.J. Mosley,Pro Bowl,16.0,16.0,16.0,16.0
2014,Calvin Pryor,none,16.0,11.0,13.0,12.0
2014,Ja'Wuan James,none,16.0,16.0,7.0,7.0
2014,Brandin Cooks,none,10.0,7.0,16.0,12.0
2014,Ha Ha Clinton-Dix,Pro Bowl,16.0,10.0,16.0,16.0
2014,Johnny Manziel,none,5.0,2.0,9.0,6.0
2014,Dee Ford,Pro Bowl,16.0,0.0,14.0,5.0
2014,Darqueze Dennard ,none,14.0,0.0,10.0,1.0
2014,Jason Verrett,Pro Bowl,6.0,4.0,14.0,13.0
2014,Marcus Smith,none,8.0,0.0,13.0,0.0
2014,Deone Bucannon,none,16.0,9.0,16.0,16.0
2014,Kelvin Benjamin,none,16.0,15.0,16.0,13.0
2014,Dominique Easley,none,11.0,2.0,11.0,1.0
2014,Jimmie Ward,none,8.0,0.0,16.0,8.0
2014,Bradley Roby,none,16.0,2.0,16.0,4.0
2014,Teddy Bridgewater,Pro Bowl,13.0,12.0,16.0,16.0
2014,Xavier Su'a-Filo,none,13.0,1.0,11.0,9.0
2014,DeMarcus Lawrence,Pro Bowl,7.0,0.0,16.0,13.0
2014,Joel Bitonio,Pro Bowl,16.0,16.0,10.0,10.0
2014,Derek Carr,Pro Bowl,16.0,16.0,16.0,16.0
2014,Ra'Shede Hageman,none,16.0,0.0,16.0,12.0
2014,Austin Seferian-Jenkins,none,9.0,9.0,7.0,3.0
2014,Marqise Lee ,none,13.0,8.0,10.0,1.0
2014,Kyle Van Noy,none,8.0,0.0,15.0,0.0
2014,Lamarcus Joyner,none,10.0,1.0,16.0,6.0
2014,Jordan Matthews,none,16.0,10.0,16.0,12.0
2014,Weston Richburg,none,16.0,15.0,15.0,15.0
2014,Cyrus Kouandjio,none,1.0,0.0,12.0,2.0
2014,Paul Richardson ,none,15.0,6.0,1.0,0.0
2014,Stephon Tuitt,none,16.0,4.0,14.0,14.0
2014,Trent Murphy,none,15.0,8.0,16.0,14.0
2014,Timmy Jernigan,none,12.0,3.0,15.0,6.0
2014,Jace Amaro,none,14.0,4.0,3.0,0.0
2014,Jeremiah Attaochu,none,11.0,0.0,15.0,12.0
2014,Ego Ferguson ,none,16.0,0.0,4.0,1.0
2014,Troy Niklas,none,7.0,2.0,16.0,3.0
2014,Davante Adams,Pro Bowl,16.0,11.0,13.0,12.0
2014,Bishop Sankey,none,16.0,9.0,13.0,3.0
2014,Jeremy Hill,none,16.0,8.0,16.0,15.0
2014,Cody Latimer,none,8.0,0.0,14.0,1.0
2014,Carlos Hyde,none,14.0,0.0,7.0,7.0
2014,Stanley Jean-Baptiste,none,4.0,0.0,1.0,0.0
2014,Jack Mewhort,none,14.0,14.0,16.0,16.0
2014,Kony Ealy,none,15.0,0.0,16.0,9.0
2014,Allen Robinson,Pro Bowl,10.0,8.0,16.0,16.0
2014,Jimmy Garoppolo,none,6.0,0.0,5.0,0.0
2014,Jarvis Landry,Pro Bowl,16.0,11.0,16.0,14.0
2014,Justin Britt,none,16.0,16.0,16.0,16.0
2014,C.J. Fiedorowicz,none,15.0,8.0,16.0,14.0
2014,Morgan Moses,none,8.0,1.0,16.0,16.0
2014,Billy Turner,none,2.0,0.0,13.0,12.0
2014,Dezmen Southward,none,16.0,0.0,3.0,0.0
2014,Charles Sims,none,8.0,0.0,16.0,0.0
2014,Marcus Martin ,none,8.0,8.0,14.0,14.0
2014,Christian Kirksey,none,16.0,8.0,16.0,5.0
2014,Scott Crichton,none,8.0,0.0,13.0,0.0
2014,Preston Brown,none,16.0,14.0,16.0,16.0
2014,Jay Bromley,none,8.0,0.0,16.0,4.0
2014,Tre Mason,none,12.0,9.0,13.0,3.0
2014,Travis Swanson,none,16.0,5.0,14.0,14.0
2014,Chris Borland,none,14.0,8.0,,
2014,Spencer Long ,none,,,,
2014,Terrence Brooks,none,11.0,0.0,12.0,0.0
2014,Dexter McDougle,none,0.0,,14.0,0.0
2014,Gabe Jackson,none,13.0,12.0,16.0,16.0
2014,Will Sutton,none,15.0,5.0,13.0,7.0
2014,Louis Nix,none,0.0,,4.0,0.0
2014,Kareem Martin ,none,11.0,2.0,16.0,2.0
2014,Khyri Thornton ,none,0.0,,6.0,0.0
2014,Josh Huff,none,12.0,0.0,15.0,4.0
2014,Phillip Gaines,none,13.0,5.0,3.0,3.0
2014,Will Clarke,none,7.0,0.0,12.0,0.0
2014,Chris Watt,none,12.0,5.0,5.0,3.0
2014,Donte Moncrief,none,16.0,2.0,16.0,10.0
2014,John Brown,none,16.0,5.0,15.0,11.0
2014,Trai Turner,Pro Bowl,13.0,9.0,16.0,16.0
2014,Brandon Linder,none,15.0,15.0,3.0,3.0
2014,Terrance West ,none,14.0,6.0,8.0,0.0
2014,Michael Schofield,none,0.0,,13.0,13.0
2014,Jerick McKinnon ,none,11.0,6.0,16.0,0.0
2014,Dri Archer,none,,,,
2014,Richard Rodgers ,none,16.0,5.0,16.0,12.0
2014,Crockett Gillmore,none,15.0,1.0,10.0,10.0
2014,Brandon Thomas,none,0.0,,,
2014,Jaylen Watkins,none,4.0,0.0,4.0,0.0
2014,Bashaud Breeland,none,16.0,15.0,15.0,14.0
2014,Devonta Freeman ,Pro Bowl,16.0,0.0,15.0,13.0
2014,Jalen Saunders,none,,,,
2014,Bryan Stork,none,13.0,11.0,8.0,6.0
2014,Bruce Ellington,none,13.0,0.0,13.0,0.0
2014,Justin Ellis,none,16.0,14.0,12.0,9.0
2014,Cassius Marsh,none,5.0,0.0,16.0,0.0
2014,Ross Cockrell,none,7.0,0.0,15.0,7.0
2014,Maurice Alexander,none,9.0,0.0,14.0,5.0
2014,Russell Bodine,none,16.0,16.0,16.0,16.0
2014,DaQuan Jones,none,7.0,1.0,16.0,16.0
2014,Andre Williams,none,16.0,7.0,16.0,0.0
2014,Aaron Colvin,none,6.0,1.0,16.0,15.0
2014,Shaquelle Evans,none,0.0,,,
2014,Keith McGill,none,12.0,1.0,13.0,0.0
2014,Ka'Deem Carey,none,14.0,0.0,11.0,1.0
2014,Martavis Bryant,none,10.0,3.0,11.0,5.0
2014,Anthony Hitchens,none,16.0,11.0,16.0,9.0
2014,Logan Thomas,none,2.0,0.0,12.0,2.0
2014,Carl Bradford,none,0.0,,6.0,0.0
2014,Marqueston Huff,none,14.0,1.0,16.0,0.0
2014,Kevin Norwood,none,9.0,2.0,1.0,0.0
2014,De'Anthony Thomas,none,,,,
2014,Walt Aikens,none,15.0,0.0,16.0,3.0
2014,Khairi Fortt,none,3.0,0.0,0.0,
2014,Pierre Desir,none,5.0,1.0,14.0,6.0
2014,Tre Boston,none,11.0,5.0,16.0,1.0
2014,Dontae Johnson,none,16.0,3.0,16.0,3.0
2014,James White ,none,3.0,0.0,14.0,1.0
2014,Brock Vereen,none,16.0,4.0,3.0,0.0
2014,Kevin Pierre-Louis,none,7.0,0.0,14.0,1.0
2014,Nevin Lawson,none,2.0,0.0,15.0,9.0
2014,Brent Urban ,none,0.0,,6.0,0.0
2014,Tom Savage ,none,2.0,0.0,3.0,2.0
2014,Larry Webster,none,0.0,,1.0,0.0
2014,Dakota Dozier,none,0.0,,5.0,0.0
2014,Lorenzo Taliaferro,none,13.0,0.0,3.0,0.0
2014,Prince Shembo,none,16.0,3.0,,
2014,Cameron Fleming,none,7.0,2.0,12.0,7.0
2014,Taylor Hart ,none,0.0,,14.0,1.0
2014,Ryan Grant,none,16.0,2.0,16.0,5.0
2014,Kadeem Edwards,none,0.0,,,
2014,Telvin Smith,Pro Bowl,16.0,9.0,14.0,14.0
2014,David Yankey,none,0.0,,6.0,0.0
2014,Devin Street,none,16.0,0.0,15.0,2.0
2014,Ricardo Allen,none,0.0,,15.0,14.0
2014,Bene Benwikere,none,10.0,6.0,13.0,4.0
2014,Kevin Pamphile,none,7.0,2.0,16.0,2.0
2014,Aaron Lynch ,none,16.0,3.0,14.0,13.0
2014,Avery Williamson,none,16.0,12.0,15.0,15.0
2014,Nat Berhe,none,16.0,0.0,7.0,2.0
2014,Cyril Richardson ,none,12.0,4.0,,
2014,Jeremiah George,none,6.0,0.0,15.0,0.0
2014,Arthur Lynch ,none,0.0,,,
2014,Lamin Barrow,none,16.0,1.0,16.0,0.0
2014,Shaquille Richardson ,none,0.0,,,
2014,Caraun Reid,none,12.0,0.0,14.0,12.0
2014,Chris Smith,none,7.0,0.0,6.0,0.0
2014,Ed Stinson ,none,10.0,2.0,15.0,2.0
2014,Corey Linsley,none,16.0,16.0,13.0,13.0
2014,Ed Reynolds,none,0.0,,6.0,3.0
2014,Aaron Murray,none,0.0,,,
2014,A.J. McCarron,none,0.0,,7.0,3.0
2014,Ryan Carrethers,none,6.0,1.0,14.0,2.0
2014,Jonathan Newsome,none,16.0,1.0,14.0,2.0
2014,Vinnie Sunseri,none,9.0,0.0,6.0,0.0
2014,Marquis Spruill,none,0.0,,,
2014,Ronald Powell,none,14.0,0.0,,
2014,Keith Reaser,none,0.0,,13.0,0.0
2014,Jordan Tripp,none,13.0,0.0,12.0,1.0
2014,Jimmy Staten,none,0.0,,,
2014,Wesley Johnson,none,2.0,0.0,0.0,
2014,Devon Kennard,none,12.0,6.0,9.0,9.0
2014,John Urschel,none,11.0,3.0,16.0,7.0
2014,Jared Abbrederis,none,0.0,,10.0,0.0
2014,Jeoffrey Pagan,none,16.0,0.0,6.0,0.0
2014,Zach Mettenberger,none,7.0,6.0,7.0,4.0
2014,Jon Halapio,none,0.0,,10.0,6.0
2014,Kenneth Acker,none,0.0,,15.0,13.0
2014,Alfred Blue,none,16.0,3.0,16.0,9.0
2014,Antone Exum,none,14.0,0.0,12.0,2.0
2014,David Fales,none,0.0,,1.0,0.0
2014,Kendall James,none,0.0,,0.0,
2014,Robert Herron,none,8.0,0.0,,
2014,Lache Seastrunk,none,0.0,,,
2014,Bennett Jackson,none,0.0,,6.0,0.0
2014,E.J. Gaines,none,15.0,15.0,11.0,10.0
2014,T.J. Jones,none,0.0,,10.0,0.0
2014,Matt Hazel,none,0.0,,5.0,1.0
2014,Pat O'Donnell,none,,,,
2014,Jordan Zumwalt,none,0.0,,,
2014,Zach Fulton,none,16.0,16.0,16.0,6.0
2014,Keith Wenning,none,0.0,,,
2014,Brandon Dixon,none,14.0,0.0,5.0,5.0
2014,Walt Powell,none,,,,
2014,Demetri Goodson,none,6.0,0.0,14.0,0.0
2014,Zach Moore,none,8.0,1.0,1.0,0.0
2014,Garrett Scott,none,0.0,,,
2014,Laurent Duvernay-Tardif,none,0.0,,16.0,13.0
2014,Marion Grice,none,10.0,0.0,,
2014,Tavon Rooks,none,0.0,,,
2014,Andrew Jackson,none,13.0,0.0,,
2014,Tyler Gaffney,none,0.0,,,
2014,Luke Bowanko,none,16.0,14.0,6.0,0.0
2014,Jemea Thomas,none,2.0,0.0,1.0,0.0
2014,Matt Paradis,none,0.0,,16.0,16.0
2014,Eric Pinkins,none,0.0,,6.0,0.0
2014,Quincy Enunwa,none,1.0,0.0,12.0,6.0
2014,IK Enemkpali,none,6.0,0.0,11.0,0.0
2014,Jay Prosch,none,16.0,5.0,16.0,2.0
2014,Marquis Flowers,none,16.0,1.0,16.0,0.0
2014,Tajh Boyd,none,,,,
2014,Garrett Gilbert,none,0.0,,0.0,
2014,Daniel McCullers,none,9.0,1.0,12.0,0.0
2014,Andre Hal,none,14.0,0.0,16.0,11.0
2014,Ted Bolser,none,0.0,,0.0,
2014,Michael Campanaro,none,4.0,0.0,4.0,0.0
2014,T.J. Carrie ,none,13.0,4.0,15.0,14.0
2014,Shamar Stephen,none,16.0,3.0,5.0,0.0
2014,Randell Johnson,none,5.0,0.0,10.0,1.0
2014,Storm Johnson,none,6.0,1.0,,
2014,Brandon Watts,none,2.0,0.0,7.0,0.0
2014,Beau Allen,none,16.0,0.0,16.0,2.0
2014,Jabari Price,none,14.0,0.0,,
2014,Mitchell Van Dyk,none,,,,
2014,Kiero Small,none,3.0,3.0,3.0,3.0
2014,Zach Hocker,none,,,,
2014,Nate Freese,none,,,,
2014,Rob Blanchflower,none,0.0,,,
2014,Ben Gardner,none,0.0,,,
2014,Ulrick John,none,0.0,,2.0,0.0
2014,Trevor Reilly,none,14.0,0.0,15.0,0.0
2014,Terrence Fede,none,11.0,0.0,15.0,0.0
2014,Shelby Harris,none,1.0,0.0,7.0,0.0
2014,Jeff Janis,none,3.0,0.0,16.0,0.0
2014,Seantrel Henderson,none,16.0,16.0,10.0,10.0
2014,Will Smith,none,0.0,,,
2014,James Wright,none,11.0,0.0,13.0,2.0
2014,Tevin Reese,none,0.0,,,
2014,C.B. Bryant,none,0.0,,9.0,0.0
2014,Corey Nelson,none,16.0,0.0,16.0,0.0
2014,Kaleb Ramsey,none,0.0,,,
2014,Jeremy Gallon,none,,,,
2014,Trey Millard,none,0.0,,,
2014,Charles Leno Jr.,Pro Bowl,6.0,1.0,16.0,13.0
2014,Jonathan Dowling,none,7.0,0.0,,
2014,Ahmad Dixon,none,11.0,0.0,5.0,0.0
2014,Michael Sam,none,0.0,,,
2014,Demetrius Rhaney,none,0.0,,16.0,1.0
2014,Ken Bishop,none,3.0,0.0,2.0,0.0
2014,Lavelle Westbrooks,none,,,,
2014,Yawin Smallwood,none,0.0,,,
2014,Terrance Mitchell ,none,0.0,,8.0,0.0
2014,Tyler Starr,none,0.0,,1.0,0.0
2014,Lonnie Ballentine,none,0.0,,2.0,0.0
2015,Jameis Winston,Pro Bowl,16.0,16.0,16.0,16.0
2015,Marcus Mariota,none,12.0,12.0,15.0,15.0
2015,Dante Fowler,none,16.0,1.0,16.0,0.0
2015,Amari Cooper,Pro Bowl,16.0,15.0,16.0,14.0
2015,Brandon Scherff,Pro Bowl,16.0,16.0,16.0,16.0
2015,Leonard Williams,Pro Bowl,16.0,15.0,16.0,16.0
2015,Kevin White,none,4.0,4.0,1.0,1.0
2015,Vic Beasley,"Pro Bowl, All Pro",16.0,16.0,16.0,12.0
2015,Ereck Flowers,none,15.0,15.0,16.0,16.0
2015,Todd Gurley,"Pro Bowl, All Pro, PoY",13.0,12.0,16.0,16.0
2015,Trae Waynes,none,15.0,1.0,15.0,8.0
2015,Danny Shelton,none,16.0,15.0,16.0,16.0
2015,Andrus Peat,Pro Bowl,12.0,8.0,15.0,15.0
2015,DeVante Parker,none,14.0,4.0,15.0,8.0
2015,Melvin Gordon,Pro Bowl,14.0,12.0,13.0,11.0
2015,Kevin Johnson,none,16.0,10.0,6.0,3.0
2015,Arik Armstead,none,16.0,1.0,8.0,4.0
2015,Marcus Peters ,"Pro Bowl, All Pro",16.0,16.0,15.0,15.0
2015,Cameron Erving,none,16.0,4.0,13.0,13.0
2015,Nelson Agholor,none,13.0,12.0,15.0,14.0
2015,Cedric Ogbuehi,none,5.0,0.0,14.0,12.0
2015,Bud Dupree,none,16.0,5.0,7.0,4.0
2015,Shane Ray,none,14.0,0.0,16.0,8.0
2015,D.J. Humphries,none,13.0,13.0,5.0,5.0
2015,Shaq Thompson,none,14.0,10.0,14.0,12.0
2015,Breshad Perriman,none,16.0,1.0,11.0,3.0
2015,Byron Jones,Pro Bowl,16.0,11.0,16.0,16.0
2015,Laken Tomlinson,none,16.0,14.0,16.0,10.0
2015,Phillip Dorsett,none,11.0,0.0,15.0,7.0
2015,Damarious Randall,none,15.0,9.0,10.0,9.0
2015,Stephone Anthony,none,16.0,16.0,10.0,3.0
2015,Malcom Brown ,none,16.0,12.0,16.0,13.0
2015,Landon Collins,"Pro Bowl, All Pro",16.0,16.0,16.0,16.0
2015,Donovan Smith,none,16.0,16.0,16.0,16.0
2015,Mario Edwards,none,14.0,10.0,2.0,0.0
2015,T.J. Yeldon,none,12.0,12.0,15.0,13.0
2015,Devin Smith,none,10.0,3.0,4.0,0.0
2015,Preston Smith,none,16.0,2.0,16.0,16.0
2015,Eddie Goldman,none,15.0,12.0,6.0,5.0
2015,Dorial Green-Beckham,none,16.0,5.0,15.0,7.0
2015,Devin Funchess,none,16.0,5.0,15.0,7.0
2015,Jalen Collins,none,16.0,2.0,8.0,6.0
2015,Benardrick McKinney,Pro Bowl,14.0,11.0,16.0,16.0
2015,Hau'oli Kikaha,none,15.0,10.0,12.0,1.0
2015,Eric Kendricks,"Pro Bowl, All Pro",14.0,11.0,15.0,14.0
2015,Jaquiski Tartt,none,15.0,8.0,15.0,6.0
2015,Eric Rowe,none,16.0,5.0,9.0,7.0
2015,Denzel Perryman ,none,14.0,9.0,12.0,11.0
2015,Mitch Morse,none,15.0,15.0,16.0,16.0
2015,Ronald Darby,none,15.0,15.0,14.0,14.0
2015,Nate Orchard,none,15.0,11.0,3.0,1.0
2015,Jordan Phillips,none,15.0,4.0,16.0,11.0
2015,Jake Fisher,none,14.0,1.0,15.0,3.0
2015,Ameer Abdullah,none,16.0,9.0,2.0,2.0
2015,Maxx Williams,none,14.0,7.0,4.0,0.0
2015,Senquez Golson,none,,,,
2015,Rob Havenstein,none,13.0,13.0,15.0,15.0
2015,Markus Golden,none,15.0,6.0,16.0,3.0
2015,Ty Sambrailo,none,3.0,3.0,10.0,4.0
2015,Randy Gregory,none,12.0,0.0,2.0,0.0
2015,Ali Marpet,none,13.0,13.0,16.0,16.0
2015,Quinten Rollins,none,14.0,4.0,13.0,10.0
2015,Frank Clark ,Pro Bowl,15.0,0.0,15.0,5.0
2015,Jordan Richards,none,14.0,2.0,11.0,0.0
2015,D'Joun Smith,none,4.0,0.0,1.0,0.0
2015,Jeremiah Poutasi,none,11.0,7.0,1.0,1.0
2015,A.J. Cann,none,14.0,13.0,16.0,16.0
2015,Clive Walford,none,16.0,2.0,15.0,8.0
2015,Tyler Lockett,"Pro Bowl, All Pro",16.0,8.0,15.0,9.0
2015,Jaelen Strong,none,10.0,1.0,8.0,2.0
2015,Hroniss Grasu,none,8.0,8.0,6.0,4.0
2015,Jamon Brown,none,9.0,9.0,11.0,5.0
2015,Tevin Coleman,none,12.0,3.0,13.0,0.0
2015,Owamagbe Odighizuwa,none,4.0,0.0,14.0,0.0
2015,Garrett Grayson,none,1.0,0.0,,
2015,Chris Conley,none,16.0,5.0,16.0,11.0
2015,Duke Johnson,none,16.0,7.0,16.0,1.0
2015,P.J. Williams,none,2.0,2.0,16.0,6.0
2015,Eli Harold,none,16.0,1.0,16.0,13.0
2015,Alex Carter ,none,1.0,0.0,1.0,0.0
2015,John Miller,none,12.0,12.0,16.0,16.0
2015,Lorenzo Mauldin,none,15.0,0.0,11.0,3.0
2015,Craig Mager,none,10.0,2.0,11.0,8.0
2015,Jordan Hicks,none,8.0,5.0,16.0,16.0
2015,Tyler Kroft,none,16.0,6.0,14.0,11.0
2015,David Johnson,"Pro Bowl, All Pro",16.0,5.0,16.0,16.0
2015,Sammie Coates,none,6.0,0.0,14.0,5.0
2015,Danielle Hunter,Pro Bowl,14.0,1.0,16.0,0.0
2015,Sean Mannion,none,1.0,0.0,1.0,0.0
2015,Carl Davis,none,13.0,3.0,15.0,9.0
2015,Chaz Green,none,4.0,2.0,14.0,4.0
2015,Jeff Heuerman,none,12.0,2.0,14.0,6.0
2015,Henry Anderson,none,9.0,9.0,11.0,2.0
2015,Ty Montgomery,none,6.0,3.0,15.0,6.0
2015,Matt Jones,none,13.0,0.0,7.0,7.0
2015,Xavier Cooper,none,14.0,0.0,13.0,2.0
2015,Geneo Grissom,none,14.0,0.0,11.0,0.0
2015,Steven Nelson,none,12.0,0.0,15.0,15.0
2015,Paul Dawson,none,11.0,0.0,2.0,0.0
2015,Angelo Blackson,none,16.0,0.0,13.0,1.0
2015,Trey Flowers,none,1.0,0.0,16.0,8.0
2015,Daryl Williams,none,10.0,2.0,13.0,10.0
2015,Bryce Petty,none,6.0,4.0,4.0,3.0
2015,James Sample,none,4.0,2.0,,
2015,Jamison Crowder,none,16.0,6.0,16.0,9.0
2015,Jeremy Langford,none,16.0,2.0,12.0,3.0
2015,Justin Hardy ,none,9.0,1.0,16.0,3.0
2015,Jalston Fowler,none,16.0,0.0,16.0,6.0
2015,Clayton Geathers,none,15.0,2.0,9.0,9.0
2015,T.J. Clemmings,none,16.0,16.0,15.0,14.0
2015,Tre' Jackson,none,13.0,9.0,,
2015,Arie Kouandjio,none,3.0,0.0,5.0,2.0
2015,Gabe Wright,none,7.0,1.0,5.0,0.0
2015,Jamil Douglas,none,16.0,6.0,1.0,0.0
2015,Ibraheim Campbell,none,15.0,1.0,14.0,8.0
2015,Rodney Gunter,none,16.0,11.0,16.0,1.0
2015,Blake Bell,none,14.0,5.0,13.0,0.0
2015,Ramik Wilson,none,10.0,2.0,11.0,11.0
2015,Andrew Donnal,none,5.0,2.0,16.0,4.0
2015,Josh Shaw,none,15.0,1.0,16.0,12.0
2015,Doran Grant,none,3.0,0.0,,
2015,Za'Darius Smith,Pro Bowl,15.0,0.0,13.0,4.0
2015,Vince Mayle,none,1.0,0.0,6.0,0.0
2015,Kwon Alexander,Pro Bowl,12.0,12.0,16.0,16.0
2015,Javorius Allen,none,16.0,6.0,8.0,0.0
2015,Mike Davis,none,6.0,0.0,8.0,1.0
2015,Damien Wilson,none,16.0,0.0,16.0,6.0
2015,Jon Feliciano,none,6.0,3.0,16.0,0.0
2015,Jake Ryan,none,14.0,5.0,14.0,10.0
2015,Terry Poole,none,,,,
2015,Shaq Mason,none,14.0,10.0,16.0,15.0
2015,DeAndre Smelter,none,2.0,0.0,,
2015,Max Garcia,none,16.0,5.0,16.0,16.0
2015,Mark Glowinski,none,10.0,1.0,16.0,16.0
2015,Marcus Hardison,none,,,,
2015,Tray Walker,none,8.0,0.0,,
2015,Grady Jarrett,Pro Bowl,15.0,2.0,16.0,14.0
2015,David Cobb,none,7.0,1.0,,
2015,Rashad Greene,none,9.0,0.0,8.0,0.0
2015,Ben Heeney,none,15.0,3.0,4.0,2.0
2015,Martrell Spaight,none,1.0,0.0,14.0,1.0
2015,Adrian Amos,none,16.0,16.0,15.0,14.0
2015,MyCole Pruitt,none,16.0,3.0,4.0,0.0
2015,Mykkele Thompson ,none,1.0,0.0,,
2015,Bobby McCain,none,16.0,4.0,16.0,8.0
2015,Stefon Diggs,none,13.0,9.0,13.0,11.0
2015,Brett Hundley,none,4.0,0.0,11.0,9.0
2015,Davis Tull,none,,,,
2015,Jay Ajayi,Pro Bowl,9.0,0.0,15.0,12.0
2015,Cedric Thompson,none,,,,
2015,David Parry,none,16.0,16.0,16.0,16.0
2015,Jarvis Harrison,none,,,,
2015,Kyle Emanuel,none,15.0,3.0,16.0,11.0
2015,Tyeler Davison,none,16.0,5.0,15.0,15.0
2015,Karlos Williams ,none,11.0,3.0,,
2015,Tony Lippett,none,9.0,0.0,16.0,13.0
2015,C.J. Uzomah,none,5.0,0.0,10.0,8.0
2015,Shaquille Riddick,none,,,,
2015,JJ Nelson,none,11.0,2.0,15.0,6.0
2015,Jesse James,none,8.0,2.0,16.0,13.0
2015,Neiron Ball ,none,6.0,2.0,,
2015,Kenny Bell,none,,,,
2015,Ryan Russell,none,1.0,0.0,8.0,0.0
2015,Lorenzo Doss,none,6.0,0.0,6.0,0.0
2015,Bradley Pinion,none,,,,
2015,Joe Cardona,none,16.0,0.0,16.0,0.0
2015,Damian Swann,none,7.0,2.0,,
2015,Michael Burton,none,16.0,7.0,15.0,0.0
2015,David Mayo ,none,12.0,0.0,15.0,0.0
2015,Tye Smith,none,4.0,0.0,15.0,1.0
2015,Nick Boyle,none,11.0,2.0,6.0,0.0
2015,D.J. Alexander,Pro Bowl,16.0,0.0,16.0,1.0
2015,James O'Shaughnessy,none,7.0,3.0,16.0,3.0
2015,Cameron Artis-Payne,none,7.0,0.0,3.0,3.0
2015,Keith Mumphery,none,,,,
2015,Robert Myers,none,,,,
2015,Deiontrez Mount,none,4.0,0.0,1.0,0.0
2015,Matthew Wells,none,,,,
2015,Max Valles,none,,,,
2015,Michael Bennett,none,13.0,0.0,1.0,0.0
2015,Kyshoen Jarrett,none,16.0,6.0,,
2015,Tevin Mitchel,none,,,,
2015,Tayo Fabuluje,none,4.0,0.0,,
2015,Kaelin Clay,none,,,,
2015,Tyrus Thompson,none,,,,
2015,Geremy Davis ,none,10.0,0.0,3.0,0.0
2015,Evan Spencer,none,1.0,0.0,,
2015,Tony Steward,none,7.0,0.0,,
2015,Charles Gaines,none,6.0,4.0,,
2015,Ian Silberman,none,1.0,0.0,2.0,0.0
2015,JaCorey Shepherd ,none,,,,
2015,Darius Philon,none,8.0,0.0,14.0,2.0
2015,B.J. Dubose,none,,,,
2015,Nick O'Leary,none,4.0,0.0,16.0,7.0
2015,Malcolm Johnson,none,12.0,5.0,7.0,1.0
2015,Randall Evans,none,1.0,0.0,,
2015,Derron Smith,none,16.0,0.0,12.0,0.0
2015,Randall Telfer,none,14.0,5.0,16.0,14.0
2015,Leterrius Walton,none,6.0,0.0,10.0,4.0
2015,Quandre Diggs,none,16.0,4.0,12.0,4.0
2015,Bud Sasser,none,,,,
2015,A.J. Derby,none,10.0,3.0,6.0,3.0
2015,Darius Kilgo,none,9.0,0.0,9.0,0.0
2015,Darren Waller,none,6.0,1.0,12.0,3.0
2015,Josh Robinson,none,5.0,0.0,,
2015,Aaron Ripkowski,none,15.0,0.0,16.0,8.0
2015,Amarlo Herrera,none,3.0,0.0,,
2015,Andy Gallik,none,12.0,8.0,,
2015,Obum Gwacham,none,9.0,0.0,1.0,0.0
2015,Christian Ringo,none,8.0,0.0,6.0,0.0
2015,Reshard Cliett,none,,,,
2015,Anthony Chickillo ,none,7.0,0.0,15.0,7.0
2015,Kennard Backman,none,7.0,0.0,,
2015,Kristjan Sokoli,none,1.0,0.0,,
2015,Cody Wichmann,none,12.0,7.0,12.0,11.0
2015,Christian Covington ,none,15.0,0.0,16.0,5.0
2015,Rakeem Nunez-Roches,none,7.0,0.0,11.0,5.0
2015,Anthony Morris,none,,,,
2015,Hayes Pullard ,none,8.0,2.0,16.0,0.0
2015,Neal Sterling,none,9.0,0.0,10.0,1.0
2015,Andre Debose,none,,,,
2015,Austin Reiter ,none,1.0,1.0,16.0,0.0
2015,Deon Simon,none,16.0,1.0,,
2015,Bryce Hager,none,16.0,0.0,16.0,0.0
2015,Jake Rodgers ,none,14.0,1.0,,
2015,Bobby Hart ,none,9.0,1.0,14.0,13.0
2015,Martin Ifedi,none,,,,
2015,Austin Shepherd,none,14.0,0.0,,
2015,Ben Koyack,none,14.0,7.0,16.0,3.0
2015,Marcus Murphy,none,13.0,0.0,3.0,0.0
2015,Joey Iosefa,none,2.0,0.0,,
2015,Edmond Robinson,none,9.0,2.0,12.0,0.0
2015,Da'Ron Brown,none,,,,
2015,Dezmin Lewis,none,1.0,0.0,1.0,0.0
2015,Kenny Hilliard,none,,,,
2015,Mark Nzeocha,none,2.0,0.0,5.0,0.0
2015,Brian Mihalik,none,15.0,2.0,5.0,0.0
2015,Mario Alford,none,,,,
2015,Gerod Holliman,none,,,,
2015,Corey Robinson,none,1.0,0.0,14.0,3.0
2015,Ifo Ekpre-Olomu,none,,,,
2015,Dexter McDonald,none,6.0,0.0,6.0,0.0
2015,Laurence Gibson,none,,,,
2015,Trent Brown,Pro Bowl,5.0,2.0,16.0,16.0
2015,Tre McBride,none,7.0,0.0,2.0,0.0
2015,Geoff Swaim,none,4.0,1.0,9.0,6.0
2015,Darryl Roberts,none,12.0,2.0,15.0,4.0
2015,Ryan Murphy,none,3.0,0.0,,
2015,Akeem King,none,5.0,0.0,16.0,1.0
2015,Trevor Siemian ,none,1.0,0.0,14.0,14.0
2015,Taurean Nixon,none,2.0,0.0,,
2015,Josh Furman,none,,,,
2015,Xzavier Dickson,none,,,,
2015,Rory Anderson,none,,,,
2015,Denzelle Good,none,6.0,4.0,12.0,10.0
2015,Gerald Christian,none,3.0,0.0,,
2016,Jared Goff,Pro Bowl,7.0,7.0,15.0,15.0
2016,Carson Wentz ,"Pro Bowl, PoY",16.0,16.0,13.0,13.0
2016,Joey Bosa,Pro Bowl,12.0,11.0,16.0,16.0
2016,Ezekiel Elliott,"Pro Bowl, All Pro",15.0,15.0,10.0,10.0
2016,Jalen Ramsey,"Pro Bowl, All Pro",16.0,16.0,16.0,16.0
2016,Ronnie Stanley ,"Pro Bowl, All Pro",12.0,12.0,15.0,15.0
2016,DeForest Buckner,Pro Bowl,15.0,15.0,16.0,16.0
2016,Jack Conklin,All Pro,16.0,16.0,16.0,16.0
2016,Leonard Floyd ,none,12.0,12.0,10.0,10.0
2016,Eli Apple,none,14.0,11.0,11.0,7.0
2016,Vernon Hargreaves III,none,16.0,16.0,9.0,8.0
2016,Sheldon Rankins,none,9.0,0.0,16.0,16.0
2016,Laremy Tunsil,Pro Bowl,14.0,14.0,15.0,15.0
2016,Karl Joseph,none,12.0,9.0,15.0,15.0
2016,Corey Coleman,none,10.0,10.0,9.0,8.0
2016,Taylor Decker,none,16.0,16.0,8.0,8.0
2016,Keanu Neal,Pro Bowl,14.0,14.0,16.0,16.0
2016,Ryan Kelly,Pro Bowl,16.0,16.0,7.0,7.0
2016,Shaq Lawson,none,10.0,1.0,11.0,10.0
2016,Darron Lee ,none,13.0,9.0,15.0,15.0
2016,Will Fuller,none,14.0,13.0,10.0,10.0
2016,Josh Doctson,none,2.0,0.0,16.0,14.0
2016,Laquon Treadwell,none,9.0,1.0,16.0,7.0
2016,William Jackson III,none,15.0,5.0,16.0,16.0
2016,Artie Burns,none,16.0,9.0,16.0,16.0
2016,Paxton Lynch ,none,3.0,2.0,2.0,2.0
2016,Kenny Clark,Pro Bowl,16.0,2.0,15.0,15.0
2016,Joshua Garnett,none,15.0,11.0,7.0,0.0
2016,Robert Nkemdiche,none,5.0,0.0,12.0,0.0
2016,Vernon Butler,none,10.0,0.0,14.0,0.0
2016,Germain Ifedi,none,13.0,13.0,16.0,16.0
2016,Emmanuel Ogbah,none,16.0,16.0,10.0,10.0
2016,Kevin Dodd,none,9.0,1.0,9.0,0.0
2016,Jaylon Smith,Pro Bowl,16.0,6.0,16.0,16.0
2016,Hunter Henry ,none,15.0,10.0,14.0,13.0
2016,Myles Jack,none,16.0,10.0,16.0,16.0
2016,Chris Jones,Pro Bowl,16.0,11.0,16.0,7.0
2016,Xavien Howard,Pro Bowl,7.0,6.0,16.0,16.0
2016,Noah Spence ,none,16.0,3.0,6.0,3.0
2016,Sterling Shepard,none,16.0,16.0,11.0,10.0
2016,Reggie Ragland,none,12.0,10.0,16.0,15.0
2016,Kamalei Correa ,none,9.0,1.0,16.0,3.0
2016,Austin Johnson,none,10.0,0.0,16.0,3.0
2016,Jihad Ward,none,16.0,13.0,5.0,1.0
2016,Derrick Henry ,Pro Bowl,15.0,2.0,16.0,2.0
2016,A'Shawn Robinson,none,16.0,5.0,16.0,16.0
2016,Michael Thomas,"Pro Bowl, All Pro, PoY",15.0,12.0,16.0,14.0
2016,Jason Spriggs,none,16.0,2.0,7.0,5.0
2016,Jarran Reed,none,15.0,6.0,15.0,15.0
2016,Nick Martin ,none,14.0,14.0,16.0,16.0
2016,Christian Hackenberg,none,,,,
2016,Deion Jones,Pro Bowl,15.0,13.0,16.0,16.0
2016,Su'a Cravens,none,11.0,3.0,5.0,0.0
2016,Mackensie Alexander,none,13.0,0.0,14.0,0.0
2016,Tyler Boyd,none,16.0,2.0,10.0,1.0
2016,Cody Whitehair,Pro Bowl,16.0,16.0,16.0,16.0
2016,T.J. Green,none,15.0,4.0,16.0,7.0
2016,Sean Davis,none,16.0,9.0,16.0,16.0
2016,Roberto Aguayo,none,,,,
2016,Cyrus Jones,none,,,,
2016,Vonn Bell,none,16.0,14.0,16.0,10.0
2016,James Bradberry ,none,13.0,13.0,16.0,16.0
2016,Adam Gotsis,none,16.0,0.0,16.0,13.0
2016,Kevin Byard ,"Pro Bowl, All Pro",16.0,7.0,16.0,16.0
2016,Carl Nassib,none,14.0,3.0,16.0,12.0
2016,Max Tuerk ,none,1.0,0.0,,
2016,Maliek Collins,none,16.0,14.0,16.0,16.0
2016,Will Redmond,none,5.0,0.0,13.0,4.0
2016,Yannick Ngakoue,Pro Bowl,16.0,15.0,16.0,16.0
2016,Bronson Kaufusi,none,3.0,1.0,3.0,0.0
2016,Darian Thompson,none,2.0,1.0,16.0,16.0
2016,Jonathan Bullard,none,14.0,1.0,16.0,3.0
2016,Kenyan Drake,none,16.0,1.0,16.0,6.0
2016,KeiVarae Russell,none,5.0,0.0,8.0,0.0
2016,Shilique Calhoun,none,10.0,0.0,9.0,0.0
2016,Shon Coleman,none,7.0,0.0,16.0,16.0
2016,Daryl Worley,none,16.0,11.0,15.0,14.0
2016,Joe Thuney,none,16.0,16.0,16.0,16.0
2016,Isaac Seumalo,none,9.0,4.0,14.0,2.0
2016,Adolphus Washington,none,15.0,11.0,15.0,10.0
2016,Austin Hooper,Pro Bowl,14.0,3.0,16.0,8.0
2016,Le'Raven Clark,none,8.0,3.0,15.0,5.0
2016,Jordan Jenkins,none,14.0,11.0,16.0,15.0
2016,Kendall Fuller,none,13.0,6.0,16.0,6.0
2016,Braxton Miller,none,10.0,6.0,11.0,3.0
2016,Leonte Carroo,none,14.0,2.0,14.0,0.0
2016,Nick Vigil,none,16.0,0.0,11.0,11.0
2016,Kyler Fackrell,none,13.0,0.0,16.0,2.0
2016,Javon Hargrave,none,15.0,13.0,16.0,12.0
2016,C.J. Prosise,none,6.0,2.0,5.0,0.0
2016,Jacoby Brissett,none,3.0,2.0,16.0,15.0
2016,Brandon Williams,none,13.0,3.0,16.0,0.0
2016,Cody Kessler,none,9.0,8.0,3.0,0.0
2016,Nick Vannett,none,9.0,2.0,15.0,4.0
2016,Graham Glasgow,none,15.0,11.0,16.0,16.0
2016,Vincent Valentine,none,13.0,2.0,3.0,0.0
2016,Rees Odhiambo,none,8.0,0.0,7.0,7.0
2016,Justin Simmons ,none,13.0,3.0,13.0,13.0
2016,Joe Schobert,Pro Bowl,16.0,4.0,16.0,16.0
2016,Connor Cook,none,1.0,0.0,,
2016,Charles Tapper ,none,2.0,0.0,,
2016,Joshua Perry ,none,15.0,1.0,2.0,0.0
2016,Sheldon Day,none,16.0,0.0,12.0,0.0
2016,Tavon Young,none,16.0,11.0,15.0,6.0
2016,Parker Ehinger,none,5.0,4.0,1.0,1.0
2016,Eric Murray,none,16.0,0.0,14.0,2.0
2016,Chris Moore,none,15.0,0.0,13.0,4.0
2016,Ryan Smith,none,14.0,0.0,15.0,10.0
2016,B.J. Goodson,none,15.0,0.0,7.0,7.0
2016,Tyler Higbee,none,16.0,7.0,16.0,16.0
2016,Miles Killebrew,none,16.0,0.0,16.0,3.0
2016,Malcolm Mitchell ,none,14.0,6.0,,
2016,Nick Kwiatkoski,none,14.0,7.0,11.0,6.0
2016,Ricardo Louis,none,16.0,3.0,16.0,9.0
2016,De'Vondre Campbell,none,11.0,10.0,16.0,16.0
2016,Hassan Ridgeway,none,16.0,5.0,13.0,1.0
2016,Pharoh Cooper,"Pro Bowl, All Pro",,,,
2016,Juston Burris,none,16.0,1.0,14.0,1.0
2016,Tyler Ervin ,none,,,,
2016,David Onyemata,none,16.0,0.0,16.0,6.0
2016,Willie Beavers,none,2.0,0.0,,
2016,Andrew Billings,none,15.0,7.0,16.0,16.0
2016,Jerald Hawkins,none,5.0,1.0,1.0,0.0
2016,Deon Bush,none,11.0,6.0,13.0,0.0
2016,Antonio Morrison ,none,16.0,4.0,15.0,15.0
2016,Demarcus Robinson,none,16.0,0.0,16.0,8.0
2016,Deiondre' Hall,none,8.0,0.0,2.0,0.0
2016,Evan Boehm,none,16.0,1.0,15.0,8.0
2016,Derrick Kindred,none,12.0,5.0,14.0,10.0
2016,Alex Lewis,none,10.0,8.0,10.0,10.0
2016,Blake Martinez,none,13.0,9.0,16.0,16.0
2016,Willie Henry ,none,14.0,3.0,3.0,0.0
2016,Rashard Robinson,none,14.0,6.0,14.0,8.0
2016,Kenneth Dixon,none,12.0,0.0,6.0,0.0
2016,Dak Prescott ,Pro Bowl,16.0,16.0,16.0,16.0
2016,Devontae Booker,none,16.0,6.0,13.0,0.0
2016,Dean Lowry,none,15.0,0.0,16.0,11.0
2016,Seth Devalve,none,12.0,2.0,16.0,4.0
2016,Cardale Jones,none,1.0,0.0,,
2016,Tajae Sharpe,none,16.0,10.0,16.0,13.0
2016,Zack Sanchez,none,5.0,1.0,,
2016,Ronald Blair,none,16.0,0.0,6.0,2.0
2016,DeAndre Washington,none,14.0,2.0,15.0,0.0
2016,Connor McGovern,none,15.0,5.0,16.0,15.0
2016,John Theus,none,4.0,1.0,,
2016,Matt Judon,Pro Bowl,14.0,0.0,16.0,12.0
2016,Quinton Jefferson,none,3.0,0.0,6.0,0.0
2016,Caleb Benenoch,none,5.0,1.0,13.0,5.0
2016,Paul Perkins ,none,14.0,1.0,11.0,4.0
2016,Jordan Howard,Pro Bowl,15.0,13.0,16.0,16.0
2016,Joe Dahl,none,6.0,0.0,6.0,3.0
2016,Matthew Ioannidis,none,10.0,0.0,14.0,10.0
2016,Wendell Smallwood,none,13.0,3.0,8.0,3.0
2016,Jordan Payton,none,4.0,0.0,,
2016,Joe Haeg,none,15.0,14.0,16.0,15.0
2016,Jonathan Williams,none,11.0,0.0,3.0,0.0
2016,LeShaun Sims,none,13.0,2.0,13.0,5.0
2016,Brandon Shell,none,8.0,3.0,12.0,12.0
2016,K.J. Dillon,none,5.0,0.0,,
2016,Kentrell Brothers,none,10.0,0.0,16.0,0.0
2016,Christian Westerman ,none,2.0,2.0,14.0,0.0
2016,Kevin Hogan ,none,4.0,0.0,4.0,1.0
2016,Trevor Davis,none,,,,
2016,Halapoulivaati Vaitai,none,7.0,6.0,16.0,10.0
2016,Tyreek Hill,"Pro Bowl, All Pro",16.0,1.0,15.0,13.0
2016,D.J. Reader,none,16.0,7.0,14.0,14.0
2016,Marqui Christian,none,11.0,0.0,12.0,0.0
2016,Spencer Drango,none,16.0,9.0,16.0,10.0
2016,Antwione Williams,none,14.0,3.0,,
2016,Cole Toner,none,2.0,0.0,1.0,0.0
2016,Alex Collins,none,11.0,0.0,15.0,12.0
2016,Rashard Higgins,none,16.0,0.0,15.0,4.0
2016,Trey Caldwell,none,1.0,0.0,,
2016,Fahn Cooper,none,,,,
2016,Jatavis Brown,none,12.0,7.0,16.0,5.0
2016,Andy Janovich,none,11.0,5.0,16.0,4.0
2016,Temarrick Hemingway,none,8.0,0.0,5.0,0.0
2016,D.J. White,none,11.0,0.0,2.0,0.0
2016,Drew Kaser,none,,,,
2016,Moritz Boehringer,none,,,,
2016,Tyrone Holmes,none,11.0,0.0,4.0,0.0
2016,Keenan Reynolds,none,2.0,0.0,,
2016,Devante Bond,none,14.0,2.0,11.0,4.0
2016,Jerell Adams,none,13.0,2.0,16.0,1.0
2016,DeAndre Houston-Carson,none,8.0,0.0,11.0,0.0
2016,Jakeem Grant,none,,,,
2016,Nate Sudfeld,none,1.0,0.0,2.0,0.0
2016,David Morgan,none,12.0,0.0,15.0,6.0
2016,Anthony Brown,none,16.0,9.0,16.0,10.0
2016,Josh Forrest ,none,10.0,4.0,2.0,0.0
2016,Jake Rudock,none,3.0,0.0,,
2016,Kolby Listenbee,none,,,,
2016,Sebastian Tretola,none,1.0,0.0,,
2016,Cory James,none,16.0,5.0,10.0,9.0
2016,Wes Schweitzer ,none,16.0,16.0,15.0,13.0
2016,Blake Countess,none,5.0,2.0,16.0,1.0
2016,Danny Vitale ,none,9.0,3.0,15.0,6.0
2016,Derek Watt,none,16.0,2.0,16.0,4.0
2016,Cody Core,none,8.0,4.0,13.0,0.0
2016,Kyle Murphy,none,3.0,0.0,3.0,3.0
2016,Brandon Allen,none,3.0,3.0,,
2016,Anthony Zettel,none,13.0,0.0,16.0,16.0
2016,Dadi Nicolas,none,11.0,0.0,,
2016,Jordan Lucas,none,8.0,0.0,11.0,0.0
2016,Harlan Miller,none,2.0,2.0,5.0,0.0
2016,Mike Thomas,none,15.0,0.0,8.0,1.0
2016,Jeff Driskel,none,9.0,5.0,3.0,3.0
2016,Kamu Grugier-Hill,none,12.0,0.0,16.0,0.0
2016,Maurice Canady,none,4.0,0.0,8.0,1.0
2016,Jimmy Landes,none,,,,
2016,Kelvin Taylor,none,,,,
2016,Kavon Frazier,none,9.0,0.0,15.0,0.0
2016,Aaron Burbridge,none,16.0,3.0,,
2016,Elandon Roberts,none,13.0,5.0,15.0,14.0
2016,Joey Hunt,none,9.0,1.0,11.0,2.0
2016,Darius Jackson,none,4.0,0.0,2.0,0.0
2016,Rico Gathers,none,15.0,4.0,,
2016,Kevon Seymour,none,15.0,3.0,16.0,2.0
2016,Will Parks,none,16.0,0.0,16.0,5.0
2016,Travis Feeney,none,,,,
2016,Ted Karras,none,16.0,1.0,16.0,2.0
2016,Aaron Wallace,none,10.0,0.0,2.0,0.0
2016,Brandon Doughty,none,,,,
2016,Donavon Clark,none,,,,
2016,Devin Lucien,none,,,,
2016,Jonathan Woodard,none,6.0,0.0,,
2016,Stephen Weatherly,none,2.0,0.0,15.0,0.0
2016,Riley Dixon,none,,,,
2016,Demarcus Ayers,none,2.0,1.0,,
2016,Daniel Braverman,none,3.0,0.0,,
2016,Thomas Duarte,none,1.0,0.0,,
2016,Steven Daniels,none,,,,
2016,Jalen Mills ,none,16.0,2.0,15.0,15.0
2016,Vadal Alexander,none,9.0,5.0,15.0,4.0
2016,Lac Edwards,none,,,,
2016,Dwayne Washington,none,12.0,2.0,5.0,0.0
2016,Daniel Lasco,none,7.0,0.0,3.0,0.0
2016,Devin Fuller,none,,,,
2016,Trevor Bates,none,1.0,0.0,9.0,0.0
2016,Alex McCalister,none,,,,
2016,Charone Peake,none,15.0,1.0,3.0,0.0
2016,Keith Marshall,none,,,,
2016,Kenny Lawler,none,,,,
2016,Jayron Kearse,none,16.0,1.0,15.0,0.0
2016,Clayton Fejedelem,none,16.0,0.0,16.0,5.0
2016,Tyler Matakevich,none,16.0,0.0,15.0,0.0
2016,Zac Brooks,none,,,,
2016,Austin Blythe,none,8.0,1.0,16.0,1.0
2016,Prince Charles Iworah,none,1.0,0.0,,
2016,Scooby Wright III,none,3.0,0.0,10.0,0.0
2016,Joe Walker,none,12.0,3.0,14.0,0.0
2016,Beau Sandland,none,,,,
2016,Kalan Reed,none,4.0,0.0,3.0,0.0
2017,Myles Garrett ,Pro Bowl,11.0,9.0,16.0,16.0
2017,Mitchell Trubisky ,Pro Bowl,12.0,12.0,14.0,14.0
2017,Solomon Thomas ,none,14.0,12.0,16.0,13.0
2017,Leonard Fournette ,none,13.0,13.0,8.0,8.0
2017,Corey Davis ,none,11.0,9.0,16.0,16.0
2017,Jamal Adams ,"Pro Bowl, All Pro",16.0,16.0,16.0,16.0
2017,Mike Williams ,none,10.0,1.0,16.0,5.0
2017,Christian McCaffrey ,"Pro Bowl, All Pro",16.0,10.0,16.0,16.0
2017,John Ross ,none,3.0,1.0,13.0,10.0
2017,Patrick Mahomes ,"Pro Bowl, All Pro, MVP, PoY",1.0,1.0,16.0,16.0
2017,Marshon Lattimore ,Pro Bowl,13.0,13.0,16.0,16.0
2017,Deshaun Watson ,Pro Bowl,7.0,6.0,16.0,16.0
2017,Haason Reddick ,none,16.0,3.0,16.0,12.0
2017,Derek Barnett ,none,15.0,0.0,6.0,6.0
2017,Malik Hooker ,none,7.0,6.0,14.0,14.0
2017,Marlon Humphrey ,"Pro Bowl, All Pro",16.0,5.0,14.0,8.0
2017,Jonathan Allen ,none,5.0,5.0,16.0,16.0
2017,Adoree' Jackson ,none,,,,
2017,O.J. Howard ,none,14.0,14.0,10.0,8.0
2017,Garett Bolles ,none,16.0,16.0,16.0,16.0
2017,Jarrad Davis,none,14.0,14.0,16.0,16.0
2017,Charles Harris,none,16.0,2.0,11.0,1.0
2017,Evan Engram ,none,15.0,11.0,11.0,8.0
2017,Gareon Conley ,none,2.0,0.0,15.0,14.0
2017,Jabrill Peppers ,none,,,,
2017,Takkarist McKinley ,none,16.0,0.0,15.0,8.0
2017,Tre'Davious White ,"Pro Bowl, All Pro",16.0,16.0,16.0,16.0
2017,Taco Charlton ,none,16.0,0.0,11.0,7.0
2017,David Njoku ,none,16.0,5.0,16.0,14.0
2017,T.J. Watt ,"Pro Bowl, All Pro",15.0,15.0,16.0,16.0
2017,Reuben Foster ,none,10.0,10.0,6.0,6.0
2017,Ryan Ramczyk ,All Pro,16.0,16.0,15.0,15.0
2017,Kevin King ,none,9.0,5.0,6.0,6.0
2017,Cam Robinson ,none,15.0,15.0,2.0,2.0
2017,Malik McDowell,none,,,,
2017,Budda Baker ,"Pro Bowl, All Pro",16.0,7.0,14.0,13.0
2017,Zay Jones ,none,15.0,10.0,16.0,15.0
2017,Forrest Lamp ,none,2.0,0.0,7.0,2.0
2017,Marcus Maye,none,16.0,16.0,6.0,6.0
2017,Curtis Samuel ,none,9.0,4.0,13.0,8.0
2017,Dalvin Cook,Pro Bowl,4.0,4.0,11.0,10.0
2017,Marcus Williams,none,15.0,15.0,16.0,16.0
2017,Sidney Jones,none,1.0,0.0,9.0,4.0
2017,Gerald Everett,none,16.0,2.0,16.0,0.0
2017,Adam Shaheen,none,13.0,7.0,6.0,4.0
2017,Quincy Wilson,none,7.0,5.0,13.0,5.0
2017,Tyus Bowser,none,16.0,0.0,15.0,0.0
2017,Joe Mixon,none,14.0,7.0,14.0,13.0
2017,Ryan Anderson,none,14.0,0.0,13.0,0.0
2017,Justin Evans,none,14.0,11.0,10.0,10.0
2017,DeMarcus Walker,none,10.0,0.0,3.0,0.0
2017,DeShone Kizer ,none,15.0,15.0,3.0,0.0
2017,Teez Tabor,none,10.0,1.0,12.0,4.0
2017,Raekwon McMillan,none,16.0,16.0,13.0,12.0
2017,Dalvin Tomlinson,none,16.0,16.0,16.0,16.0
2017,Obi Melifonwu,none,5.0,1.0,2.0,0.0
2017,Zach Cunningham,none,16.0,13.0,14.0,14.0
2017,Ethan Pocic,none,,,,
2017,Tanoh Kpassagnon,none,16.0,1.0,13.0,0.0
2017,Chidobe Awuzie,none,10.0,6.0,15.0,14.0
2017,Josh Jones,none,16.0,7.0,13.0,5.0
2017,JuJu Smith-Schuster,Pro Bowl,14.0,7.0,16.0,13.0
2017,Dion Dawkins,none,16.0,11.0,16.0,16.0
2017,Taylor Moton,none,16.0,0.0,16.0,16.0
2017,Larry Ogunjobi,none,14.0,1.0,16.0,16.0
2017,Ahkello Witherspoon,none,12.0,9.0,14.0,12.0
2017,Alvin Kamara,Pro Bowl,16.0,3.0,15.0,13.0
2017,Dawuane Smoot,none,16.0,0.0,8.0,0.0
2017,Cooper Kupp,none,15.0,6.0,8.0,8.0
2017,Pat Elflein,none,14.0,14.0,14.0,13.0
2017,Dan Feeney,none,15.0,9.0,16.0,16.0
2017,Taywan Taylor,none,16.0,4.0,13.0,5.0
2017,Jordan Willis,none,16.0,1.0,16.0,1.0
2017,Chris Wormley,none,7.0,2.0,16.0,6.0
2017,Duke Riley,none,12.0,6.0,16.0,10.0
2017,Alex Anzalone,none,4.0,4.0,16.0,7.0
2017,Daeshon Hall,none,1.0,0.0,3.0,0.0
2017,Tim Williams,none,8.0,0.0,7.0,0.0
2017,ArDarius Stewart,none,15.0,2.0,,
2017,Tarell Basham,none,15.0,0.0,11.0,1.0
2017,Fabian Moreau,none,16.0,0.0,16.0,10.0
2017,Carlos Henderson,none,,,,
2017,Derek Rivers,none,6.0,0.0,,
2017,Chris Godwin,Pro Bowl,16.0,2.0,16.0,5.0
2017,Antonio Garcia,none,,,,
2017,Kareem Hunt,Pro Bowl,16.0,16.0,11.0,11.0
2017,Davis Webb ,none,,,,
2017,Eddie Vanderdoes,none,16.0,13.0,3.0,0.0
2017,D'Onta Foreman,none,10.0,1.0,1.0,0.0
2017,Shaquill Griffin ,Pro Bowl,15.0,11.0,16.0,16.0
2017,John Johnson,none,16.0,11.0,16.0,16.0
2017,Jourdan Lewis,none,15.0,7.0,15.0,1.0
2017,Montravius Adams,none,7.0,0.0,16.0,1.0
2017,Cameron Sutton,none,5.0,1.0,15.0,1.0
2017,Delano Hill,none,15.0,0.0,13.0,2.0
2017,Kenny Golladay,Pro Bowl,11.0,5.0,15.0,13.0
2017,Cordrea Tankersley,none,11.0,11.0,6.0,0.0
2017,Chad Williams,none,6.0,1.0,10.0,7.0
2017,Rasul Douglas,none,14.0,5.0,16.0,7.0
2017,Jonnu Smith,none,16.0,13.0,13.0,12.0
2017,Brendan Langley,none,,,,
2017,Nazair Jones,none,11.0,2.0,9.0,0.0
2017,Trey Hendrickson,none,12.0,0.0,5.0,0.0
2017,C.J. Beathard,none,7.0,5.0,6.0,5.0
2017,James Conner,Pro Bowl,14.0,0.0,13.0,12.0
2017,Amara Darboh,none,16.0,0.0,,
2017,Kendell Beckwith,none,16.0,9.0,,
2017,Vince Biegel,none,9.0,0.0,14.0,0.0
2017,Jaleel Johnson,none,5.0,0.0,16.0,1.0
2017,Dede Westbrook,none,7.0,5.0,16.0,9.0
2017,Tedric Thompson,none,9.0,0.0,14.0,10.0
2017,Eddie Jackson ,"Pro Bowl, All Pro",16.0,16.0,14.0,14.0
2017,Rayshawn Jenkins,none,15.0,0.0,15.0,1.0
2017,Samaje Perine,none,16.0,8.0,5.0,0.0
2017,Dorian Johnson,none,,,,
2017,Carl Lawson,none,16.0,1.0,7.0,0.0
2017,Josh Reynolds,none,16.0,1.0,16.0,8.0
2017,Mack Hollins,none,16.0,0.0,16.0,3.0
2017,Tarik Cohen,"Pro Bowl, All Pro",16.0,4.0,16.0,7.0
2017,Ben Gedeon,none,16.0,9.0,15.0,8.0
2017,Joe Williams,none,,,,
2017,Nico Siragusa,none,,,,
2017,Montae Nicholson ,none,8.0,6.0,14.0,7.0
2017,Jalen Reeves-Maybin,none,14.0,0.0,9.0,0.0
2017,Samson Ebukam,none,16.0,2.0,16.0,14.0
2017,Howard Wilson,none,,,,
2017,Michael Roberts ,none,15.0,3.0,8.0,2.0
2017,Josh Malone,none,11.0,7.0,9.0,0.0
2017,David Sharpe,none,5.0,2.0,10.0,0.0
2017,Julie'n Davenport,none,11.0,4.0,16.0,15.0
2017,Deatrich Wise Jr.,none,16.0,3.0,16.0,5.0
2017,Donnel Pumphrey,none,,,,
2017,Ryan Switzer,none,,,,
2017,Jamaal Williams,none,16.0,7.0,16.0,8.0
2017,Joshua Dobbs ,none,5.0,0.0,,
2017,Sean Harlow,none,1.0,0.0,,
2017,Zach Banner,none,8.0,0.0,14.0,1.0
2017,Ryan Glasgow,none,16.0,1.0,3.0,0.0
2017,Jehu Chesson,none,12.0,1.0,12.0,0.0
2017,Wayne Gallman,none,13.0,1.0,15.0,1.0
2017,Chad Hansen,none,15.0,1.0,,
2017,Carlos Watkins,none,12.0,6.0,4.0,0.0
2017,Marlon Mack,none,14.0,0.0,12.0,10.0
2017,Grover Stewart,none,15.0,0.0,15.0,1.0
2017,Jake Butt,none,3.0,3.0,,
2017,George Kittle,"Pro Bowl, All Pro",15.0,7.0,16.0,16.0
2017,Jordan Morgan,none,,,,
2017,Blair Brown,none,13.0,2.0,15.0,0.0
2017,Damontae Kazee,none,16.0,1.0,16.0,15.0
2017,Jordan Leggett,none,15.0,4.0,,
2017,Desmond King,All Pro,16.0,4.0,16.0,8.0
2017,Corn Elder,none,13.0,0.0,1.0,0.0
2017,Jake Elliott,none,,,,
2017,Jeremy Sprinkle,none,11.0,5.0,16.0,9.0
2017,Jayon Brown,none,16.0,0.0,16.0,9.0
2017,Brian Hill,none,7.0,0.0,1.0,0.0
2017,Will Holden,none,7.0,5.0,4.0,2.0
2017,Nate Hairston,none,14.0,4.0,13.0,7.0
2017,Jermaine Eluemunor,none,8.0,2.0,9.0,1.0
2017,Roderick Johnson,none,1.0,0.0,16.0,3.0
2017,Anthony Walker,none,10.0,2.0,15.0,14.0
2017,Jeremy McNichols ,none,2.0,0.0,2.0,0.0
2017,Matt Milano,none,16.0,5.0,13.0,13.0
2017,Isaac Asiata,none,1.0,0.0,1.0,0.0
2017,Jamal Agnew,All Pro,,,,
2017,Shelton Gibson,none,5.0,0.0,15.0,0.0
2017,Avery Moss,none,11.0,2.0,11.0,8.0
2017,Marquel Lee,none,13.0,6.0,16.0,10.0
2017,Treston Decoud,none,10.0,0.0,1.0,0.0
2017,Rodney Adams,none,1.0,0.0,,
2017,Nathan Peterman ,none,4.0,2.0,4.0,2.0
2017,Isaiah McKenzie,none,11.0,0.0,8.0,1.0
2017,Brian Allen,none,10.0,0.0,6.0,0.0
2017,Eric Saubert,none,14.0,0.0,16.0,1.0
2017,DeAngelo Yancey,none,,,,
2017,JJ Dielman ,none,,,,
2017,Trent Taylor,none,15.0,1.0,14.0,0.0
2017,Davon Godchaux,none,15.0,5.0,16.0,16.0
2017,T.J. Logan,none,,,,
2017,Danny Isidora,none,7.0,1.0,14.0,2.0
2017,Dylan Donahue,none,4.0,0.0,,
2017,Aaron Jones,none,12.0,4.0,12.0,8.0
2017,Ukeme Eligwe,none,14.0,1.0,10.0,0.0
2017,Nathan Gerry,none,10.0,1.0,13.0,2.0
2017,Caleb Brantley,none,12.0,1.0,7.0,0.0
2017,Chuck Clark,none,15.0,0.0,16.0,2.0
2017,Michael Tyson,none,10.0,2.0,,
2017,Elijah McGuire ,none,16.0,2.0,8.0,3.0
2017,Tanzel Smart,none,16.0,4.0,2.0,0.0
2017,Sam Tevi,none,14.0,1.0,16.0,15.0
2017,Xavier Woods,none,16.0,4.0,14.0,14.0
2017,Alex Armah,none,9.0,0.0,16.0,2.0
2017,Jordan Evans,none,15.0,4.0,14.0,5.0
2017,Vincent Taylor,none,13.0,0.0,8.0,0.0
2017,Tanner Vallejo,none,15.0,0.0,13.0,1.0
2017,Al-Quadin Muhammad,none,4.0,0.0,15.0,4.0
2017,Jeremy Clark,none,1.0,0.0,1.0,0.0
2017,D.J. Jones,none,9.0,0.0,10.0,4.0
2017,Chase Roullier,none,13.0,7.0,16.0,16.0
2017,Adam Bisnowaty,none,1.0,1.0,,
2017,Bucky Hodges,none,,,,
2017,Pita Taumoepenu,none,2.0,0.0,4.0,0.0
2017,De'Angelo Henderson,none,5.0,0.0,3.0,0.0
2017,Derrick Jones,none,3.0,0.0,1.0,0.0
2017,Jeremiah Ledbetter,none,16.0,0.0,1.0,0.0
2017,Sam Rogers,none,,,,
2017,Brandon Wilson,none,,,,
2017,Rudy Ford,none,10.0,0.0,13.0,1.0
2017,Robert Davis,none,1.0,0.0,6.0,3.0
2017,Justin Senior,none,,,,
2017,Conor McDermott,none,3.0,0.0,5.0,0.0
2017,Kofi Amichia,none,,,,
2017,Colin Holba,none,7.0,0.0,4.0,0.0
2017,Elijah Qualls,none,6.0,0.0,,
2017,Brad Kaaya ,none,,,,
2017,Marquez White,none,,,,
2017,Corey Levin,none,16.0,1.0,,
2017,Leon McQuay,none,1.0,1.0,,
2017,Stacy Coley,none,,,,
2017,Ifeadi Odenigbo,none,1.0,0.0,16.0,0.0
2017,Shalom Luani,none,16.0,1.0,12.0,0.0
2017,Jalen Myrick,none,,,,
2017,Stevie Tu'ikolovatu,none,,,,
2017,Zane Gonzalez,none,,,,
2017,Isaac Rochell,none,3.0,0.0,16.0,3.0
2017,David Moore,none,1.0,0.0,16.0,7.0
2017,Josh Carraway,none,1.0,0.0,,
2017,Joey Ivie,none,8.0,0.0,5.0,0.0
2017,Adrian Colbert,none,14.0,6.0,7.0,6.0
2017,Josh Harvey-Clemons,none,10.0,0.0,16.0,0.0
2017,Jylan Ware,none,1.0,0.0,,
2017,Elijah Lee,none,14.0,0.0,16.0,5.0
2017,Harrison Butker,none,,,,
2017,Ejuan Price,none,1.0,0.0,,
2017,Joshua Holsey,none,12.0,0.0,1.0,0.0
2017,Brad Seaton,none,,,,
2017,Isaiah Ford,none,1.0,0.0,8.0,0.0
2017,Devante Mays,none,8.0,0.0,,
2017,Noah Brown,none,13.0,1.0,8.0,2.0
2017,Marquez Williams,none,1.0,0.0,,
2017,Khalfani Muhammad,none,,,,
2017,Elijah Hood,none,1.0,0.0,,
2017,Kyle Fuller,none,9.0,2.0,2.0,0.0
2017,Treyvon Hester,none,14.0,1.0,12.0,1.0
2017,Jack Tocho,none,,,,
2017,Jordan Carrell,none,,,,
2017,Malachi Dupre,none,1.0,0.0,,
2017,Keion Adams,none,,,,
2017,Chris Carson,none,4.0,3.0,14.0,14.0
2017,Pat O'Connor,none,3.0,0.0,8.0,0.0
2017,Mason Schreck,none,6.0,0.0,2.0,0.0
2017,Matthew Dayes,none,,,,
2017,Chad Kelly,none,1.0,0.0,,
2018,Baker Mayfield,none,14.0,13.0,16.0,16.0
2018,Saquon Barkley,Pro Bowl,16.0,16.0,13.0,13.0
2018,Sam Darnold ,none,13.0,13.0,13.0,13.0
2018,Denzel Ward ,Pro Bowl,13.0,12.0,12.0,12.0
2018,Bradley Chubb,none,16.0,16.0,4.0,4.0
2018,Quenton Nelson,"Pro Bowl, All Pro",16.0,16.0,16.0,16.0
2018,Josh Allen ,none,12.0,11.0,16.0,16.0
2018,Roquan Smith,none,16.0,14.0,12.0,12.0
2018,Mike McGlinchey,none,16.0,16.0,12.0,12.0
2018,Josh Rosen,none,14.0,13.0,6.0,3.0
2018,Minkah Fitzpatrick,"Pro Bowl, All Pro",16.0,11.0,16.0,16.0
2018,Vita Vea,none,13.0,8.0,16.0,16.0
2018,Da'Ron Payne,none,16.0,16.0,15.0,9.0
2018,Marcus Davenport,none,13.0,0.0,13.0,13.0
2018,Kolton Miller,none,16.0,16.0,16.0,16.0
2018,Tremaine Edmunds,Pro Bowl,15.0,15.0,16.0,16.0
2018,Derwin James,"Pro Bowl, All Pro",16.0,16.0,5.0,5.0
2018,Jaire Alexander,none,13.0,11.0,16.0,16.0
2018,Leighton Vander Esch,Pro Bowl,16.0,11.0,9.0,9.0
2018,Frank Ragnow,none,16.0,16.0,15.0,15.0
2018,Billy Price,none,10.0,10.0,16.0,8.0
2018,Rashaan Evans,none,15.0,7.0,16.0,16.0
2018,Isaiah Wynn,none,8.0,8.0,,
2018,D.J. Moore,none,16.0,10.0,15.0,15.0
2018,Hayden Hurst,none,12.0,0.0,16.0,4.0
2018,Calvin Ridley,none,16.0,5.0,13.0,10.0
2018,Rashaad Penny,none,14.0,0.0,10.0,0.0
2018,Terrell Edmunds,none,16.0,15.0,16.0,16.0
2018,Taven Bryan,none,16.0,1.0,16.0,8.0
2018,Mike Hughes,none,6.0,2.0,14.0,3.0
2018,Sony Michel,none,13.0,8.0,16.0,14.0
2018,Lamar Jackson,"Pro Bowl, All Pro, MVP, PoY",16.0,7.0,15.0,15.0
2018,Austin Corbett,none,11.0,1.0,11.0,7.0
2018,Will Hernandez,none,16.0,16.0,16.0,16.0
2018,Nick Chubb,Pro Bowl,16.0,9.0,16.0,16.0
2018,Darius Leonard,"Pro Bowl, All Pro",15.0,15.0,13.0,13.0
2018,Braden Smith,none,15.0,13.0,16.0,16.0
2018,Ronald Jones II,none,9.0,0.0,16.0,9.0
2018,James Daniels,none,16.0,10.0,16.0,16.0
2018,Courtland Sutton ,Pro Bowl,16.0,9.0,16.0,14.0
2018,Harold Landry,none,15.0,3.0,16.0,16.0
2018,Mike Gesicki,none,16.0,7.0,16.0,5.0
2018,Kerryon Johnson,none,10.0,7.0,8.0,7.0
2018,Dante Pettis,none,12.0,7.0,11.0,4.0
2018,Josh Jackson,none,16.0,10.0,14.0,0.0
2018,Breeland Speaks,none,16.0,4.0,,
2018,Christian Kirk,none,12.0,7.0,13.0,13.0
2018,Uchenna Nwosu,none,16.0,3.0,16.0,3.0
2018,Dallas Goedert,none,16.0,8.0,15.0,9.0
2018,Connor Williams,none,13.0,10.0,11.0,11.0
2018,Anthony Miller,none,15.0,4.0,16.0,7.0
2018,Kemoko Turay,none,14.0,3.0,4.0,0.0
2018,M.J. Stewart,none,11.0,5.0,10.0,1.0
2018,Jessie Bates III,none,16.0,16.0,16.0,16.0
2018,Donte Jackson,none,16.0,16.0,13.0,10.0
2018,Duke Dawson,none,14.0,3.0,,
2018,P.J. Hall,none,14.0,6.0,16.0,12.0
2018,Isaiah Oliver,none,14.0,2.0,16.0,16.0
2018,Derrius Guice,none,5.0,1.0,,
2018,James Washington,none,14.0,6.0,15.0,10.0
2018,DJ Chark,Pro Bowl,11.0,0.0,15.0,14.0
2018,Brian O'Neill,none,15.0,11.0,15.0,15.0
2018,Carlton Davis,none,13.0,12.0,14.0,14.0
2018,Tyquan Lewis,none,8.0,6.0,9.0,0.0
2018,Brandon Parker,none,15.0,12.0,11.0,3.0
2018,Lorenzo Carter ,none,15.0,2.0,15.0,12.0
2018,Chad Thomas,none,4.0,0.0,16.0,8.0
2018,Justin Reid,none,16.0,12.0,15.0,15.0
2018,B.J. Hill,none,16.0,12.0,16.0,5.0
2018,Fred Warner,none,16.0,16.0,16.0,16.0
2018,Royce Freeman,none,14.0,8.0,16.0,0.0
2018,Nathan Shepherd,none,16.0,5.0,9.0,0.0
2018,Jerome Baker,none,16.0,11.0,16.0,15.0
2018,Geron Christian,none,2.0,0.0,16.0,2.0
2018,Derrick Nnadi,none,16.0,11.0,16.0,16.0
2018,Mason Rudolph,none,10.0,8.0,,
2018,Sam Hubbard,none,16.0,0.0,15.0,15.0
2018,Malik Jefferson,none,12.0,0.0,9.0,0.0
2018,Rasheem Green,none,10.0,0.0,16.0,8.0
2018,Martinas Rankin,none,16.0,4.0,6.0,5.0
2018,Michael Gallup,none,16.0,8.0,14.0,12.0
2018,Tracy Walker,none,16.0,0.0,13.0,12.0
2018,Orlando Brown Jr.,Pro Bowl,16.0,10.0,16.0,16.0
2018,Justin Jones,none,15.0,0.0,12.0,12.0
2018,Rashaan Gaulden,none,15.0,0.0,10.0,0.0
2018,Mark Andrews,Pro Bowl,16.0,3.0,15.0,4.0
2018,Arden Key,none,16.0,10.0,7.0,0.0
2018,Oren Burks,none,14.0,4.0,12.0,0.0
2018,Joseph Noteboom,none,16.0,0.0,6.0,6.0
2018,Deadrin Senat,none,15.0,2.0,2.0,0.0
2018,Tre'Quan Smith,none,15.0,7.0,11.0,6.0
2018,Chukwuma Okorafor,none,13.0,3.0,1.0,1.0
2018,Ronnie Harrison,none,14.0,8.0,14.0,14.0
2018,Alex Cappa,none,6.0,0.0,13.0,13.0
2018,Tarvarius Moore,none,16.0,2.0,16.0,3.0
2018,Harrison Phillips,none,16.0,0.0,3.0,0.0
2018,Mason Cole,none,16.0,16.0,16.0,2.0
2018,Jordan Akins,none,16.0,6.0,16.0,9.0
2018,Isaac Yiadom,none,13.0,1.0,16.0,8.0
2018,Dorian O'Daniel,none,16.0,1.0,14.0,0.0
2018,Ian Thomas,none,16.0,6.0,16.0,3.0
2018,Jalyn Holmes,none,5.0,0.0,6.0,0.0
2018,Keke Coutee,none,6.0,2.0,9.0,4.0
2018,Nyheim Hines,none,16.0,4.0,16.0,2.0
2018,Antonio Callaway,none,16.0,11.0,4.0,2.0
2018,Josey Jewell,none,16.0,9.0,15.0,3.0
2018,Chris Herndon,none,16.0,12.0,1.0,0.0
2018,Kyle Lauletta,none,2.0,0.0,,
2018,Troy Apke,none,2.0,0.0,15.0,2.0
2018,Nick Nelson,none,10.0,3.0,2.0,0.0
2018,Brian Allen,none,13.0,0.0,9.0,9.0
2018,Mark Walton,none,14.0,0.0,7.0,4.0
2018,DaeSean Hamilton,none,14.0,5.0,16.0,2.0
2018,Da'Shawn Hand,none,13.0,8.0,3.0,2.0
2018,Joel Iyiegbuniwe,none,16.0,0.0,15.0,0.0
2018,Dorance Armstrong Jr.,none,15.0,1.0,15.0,0.0
2018,Jordan Whitehead,none,15.0,11.0,14.0,14.0
2018,Anthony Averett,none,11.0,0.0,9.0,3.0
2018,Kyzir White,none,3.0,3.0,16.0,7.0
2018,Will Dissly,none,4.0,4.0,6.0,6.0
2018,Taron Johnson,none,11.0,2.0,12.0,7.0
2018,Kenny Young,none,16.0,3.0,14.0,3.0
2018,Durham Smythe,none,15.0,2.0,16.0,14.0
2018,Armani Watts,none,5.0,0.0,16.0,0.0
2018,Avonte Maddox,none,13.0,9.0,12.0,6.0
2018,Ito Smith,none,14.0,0.0,7.0,0.0
2018,Rick Leonard,none,,,,
2018,Kentavius Street,none,3.0,0.0,,
2018,Will Richardson,none,15.0,2.0,,
2018,Josh Sweat,none,9.0,0.0,16.0,0.0
2018,Kalen Ballage,none,12.0,0.0,12.0,6.0
2018,Jaleel Scott,none,3.0,0.0,,
2018,J'Mon Moore,none,,,,
2018,Chase Edmonds,none,16.0,0.0,13.0,2.0
2018,John Franklin-Myers,none,16.0,0.0,,
2018,Marquis Haynes,none,4.0,0.0,11.0,0.0
2018,Dalton Schultz,none,11.0,7.0,16.0,0.0
2018,Cole Madison,none,,,,
2018,R.J. McIntosh,none,6.0,0.0,12.0,0.0
2018,Maurice Hurst Jr.,none,13.0,10.0,16.0,4.0
2018,Shaquem Griffin,none,16.0,1.0,16.0,0.0
2018,D.J. Reed,none,15.0,2.0,16.0,0.0
2018,Ja'Whaun Bentley,none,3.0,2.0,16.0,2.0
2018,Justin Watson,none,12.0,0.0,16.0,2.0
2018,Bilal Nichols ,none,14.0,6.0,13.0,12.0
2018,Tre Flowers,none,15.0,15.0,15.0,15.0
2018,Micah Kiser,none,16.0,0.0,,
2018,Marcus Allen,none,2.0,0.0,1.0,0.0
2018,Michael Dickson,"Pro Bowl, All Pro",,,,
2018,Genard Avery,none,16.0,5.0,10.0,0.0
2018,Davontae Harris,none,3.0,0.0,16.0,6.0
2018,Dane Cruikshank,none,12.0,0.0,16.0,0.0
2018,Tyrell Crosby,none,10.0,2.0,16.0,5.0
2018,Siran Neal,none,16.0,0.0,15.0,1.0
2018,Scott Quessenberry,none,15.0,0.0,16.0,9.0
2018,Troy Fumagalli,none,11.0,5.0,,
2018,Tyler Conklin,none,16.0,3.0,15.0,1.0
2018,Andrew Brown,none,14.0,1.0,,
2018,Daurice Fountain,none,1.0,0.0,,
2018,Ogbonnia Okoronkwo,none,10.0,0.0,,
2018,Jermaine Carter Jr.,none,16.0,1.0,16.0,5.0
2018,Jordan Lasley,none,,,,
2018,Tim Settle,none,16.0,0.0,15.0,1.0
2018,Natrell Jamerson,none,12.0,0.0,2.0,0.0
2018,Jaylen Samuels,none,14.0,3.0,14.0,4.0
2018,Wyatt Teller,none,8.0,7.0,15.0,9.0
2018,Daniel Carlson,none,,,,
2018,Jamarco Jones,none,15.0,3.0,,
2018,Jordan Wilkins,none,16.0,3.0,14.0,1.0
2018,Darius Phillips,none,15.0,1.0,8.0,1.0
2018,Mike White,none,,,,
2018,JK Scott,none,,,,
2018,Johnny Townsend,none,,,,
2018,Marquez Valdes-Scantling,none,16.0,10.0,16.0,10.0
2018,Damion Ratley,none,13.0,3.0,13.0,3.0
2018,John Kelly,none,4.0,0.0,4.0,0.0
2018,Duke Ejiofor,none,12.0,0.0,,
2018,Christian Sam,none,,,,
2018,Parry Nickerson,none,16.0,2.0,4.0,1.0
2018,Folorunso Fatukasi,none,1.0,0.0,14.0,0.0
2018,Kylie Fitts,none,6.0,0.0,3.0,0.0
2018,Christian Campbell,none,,,,
2018,Sam Jones,none,5.0,0.0,,
2018,Marcell Harris,none,8.0,5.0,13.0,4.0
2018,Deon Cain,none,13.0,6.0,7.0,3.0
2018,Jacob Martin,none,16.0,0.0,14.0,0.0
2018,Ray-Ray McCloud,none,,,,
2018,Simeon Thomas,none,12.0,0.0,,
2018,Kamrin Moore,none,2.0,0.0,,
2018,DeShon Elliott,none,6.0,0.0,,
2018,Dylan Cantrell,none,,,,
2018,Jamil Demby,none,6.0,1.0,,
2018,Chris Covington,none,5.0,0.0,3.0,0.0
2018,Russell Gage,none,15.0,0.0,16.0,4.0
2018,Sebastian Joseph,none,16.0,15.0,,
2018,Tremon Smith,none,,,,
2018,Shaun Dion Hamilton,none,16.0,4.0,16.0,0.0
2018,Kahlil McKenzie,none,,,,
2018,Luke Falk,none,3.0,2.0,,
2018,Foyesade Oluokun,none,16.0,7.0,16.0,3.0
2018,Boston Scott,none,2.0,0.0,11.0,2.0
2018,Jack Cichy,none,6.0,0.0,4.0,0.0
2018,Tanner Lee,none,,,,
2018,Trenton Cannon,none,16.0,0.0,4.0,0.0
2018,Trevon Young,none,2.0,0.0,,
2018,Matt Pryor,none,12.0,0.0,,
2018,Equanimeous St. Brown,none,12.0,7.0,,
2018,Cedrick Wilson,none,6.0,0.0,,
2018,Cornell Armstrong,none,15.0,0.0,5.0,0.0
2018,Braxton Berrios,none,,,,
2018,Jordan Thomas,none,16.0,10.0,5.0,2.0
2018,Greg Senat,none,,,,
2018,Colby Gossett,none,5.0,4.0,,
2018,Peter Kalambayi,none,15.0,0.0,16.0,0.0
2018,Bradley Bozeman,none,14.0,1.0,16.0,16.0
2018,Azeem Victor,none,,,,
2018,Keishawn Bierria,none,16.0,0.0,5.0,0.0
2018,Ade Aruna,none,,,,
2018,Danny Etling,none,,,,
2018,Alex McGough,none,,,,
2018,Matthew Adams,none,16.0,5.0,16.0,4.0
2018,Jermaine Kelly,none,,,,
2018,Jullian Taylor,none,6.0,0.0,6.0,0.0
2018,Javon Wims,none,4.0,0.0,16.0,6.0
2018,Devante Downs,none,11.0,0.0,9.0,0.0
2018,David Williams,none,,,,
2018,Quentin Poling,none,1.0,0.0,,
2018,Marcell Ateman,none,7.0,6.0,11.0,0.0
2018,Jason Sanders,none,,,,
2018,Leon Jacobs,none,12.0,3.0,14.0,7.0
2018,Travin Howard,none,16.0,0.0,,
2018,James Looney,none,3.0,0.0,,
2018,Jordan Mailata,none,,,,
2018,Andre Smith,none,3.0,0.0,16.0,0.0
2018,Zaire Franklin,none,16.0,2.0,16.0,0.0
2018,Bo Scarbrough,none,6.0,5.0,,
2018,Nick Bawden,none,10.0,2.0,,
2018,Zach Sieler,none,2.0,0.0,7.0,1.0
2018,Hunter Bradley,none,16.0,0.0,16.0,0.0
2018,Richie James,none,,,,
2018,Greg Stroman,none,15.0,3.0,1.0,0.0
2018,Kendrick Norton,none,,,,
2018,Keion Crossen,none,11.0,0.0,16.0,0.0
2018,Justin Lawler,none,16.0,0.0,,
2018,Will Clapp,none,3.0,1.0,14.0,3.0
2018,Joshua Frazier,none,,,,
2018,Logan Cooke,none,,,,
2018,Kendall Donnerson,none,,,,
2018,Logan Woodside ,none,,,,
2018,Ryan Izzo,none,6.0,4.0,,
2018,Justin Jackson,none,13.0,1.0,7.0,0.0
2018,Rod Taylor,none,,,,
2018,Auden Tate,none,7.0,0.0,12.0,10.0
2018,Korey Cunningham,none,6.0,6.0,1.0,0.0
2018,Austin Proehl,none,,,,
2018,Trey Quinn,none,3.0,2.0,12.0,6.0
