year,name,college,position,grade
2014,Jonotthan Harrison,FLORIDA,C,5.8
2014,Victor Hampton,SOUTH CAROLINA,CB,5.8
2014,Andre Hal,VANDERBILT,CB,5.8
2014,Ryan Groy,WISCONSIN,OG,5.8
2014,James Gayle,VIRGINIA TECH,DE,5.8
2014,E.J. Gaines,MISSOURI,CB,5.8
2014,Zach Fulton,TENNESSEE,OG,5.8
2014,Khairi Fortt,CALIFORNIA,ILB,5.8
2014,Cameron Fleming,STANFORD,OT,5.8
2014,Shaq Evans,UCLA,WR,5.8
2014,Dominique Easley,FLORIDA,DT,5.8
2014,Greg Ducre,WASHINGTON,CB,5.8
2014,Jonathan Dowling,WESTERN KENTUCKY,SS,5.8
2014,Ahmad Dixon,BAYLOR,SS,5.8
2014,Pierre Desir,LINDENWOOD,CB,5.8
2014,Mike Davis,TEXAS,WR,5.8
2014,Chris Davis,AUBURN,CB,5.8
2014,Aaron Colvin,OKLAHOMA,CB,5.8
2014,Kain Colter,NORTHWESTERN,WR,5.8
2014,Trey Burton,FLORIDA,TE,5.8
2014,Isaiah Burse,FRESNO ST.,WR,5.8
2014,Max Bullough,MICHIGAN ST.,ILB,5.8
2014,Deone Bucannon,WASHINGTON ST.,SS,5.8
2014,Martavis Bryant,CLEMSON,WR,5.8
2014,Jonathan Brown,ILLINOIS,OLB,5.8
2014,Terrence Brooks,FLORIDA ST.,FS,5.8
2014,Jay Bromley,SYRACUSE,DT,5.8
2014,Carl Bradford,ARIZONA STATE,OLB,5.8
2014,Chris Boyd,VANDERBILT,WR,5.8
2014,Russell Bodine,NORTH CAROLINA,C,5.8
2014,Alfred Blue,LSU,RB,5.8
2014,Nat Berhe,SAN DIEGO ST.,SS,5.8
2014,Bene' Benwikere,SAN JOSE ST.,CB,5.8
2014,Shaquil Barrett,COLORADO ST.,OLB,5.8
2014,Lonnie Ballentine,MEMPHIS,FS,5.8
2014,James Baker,IDAHO,RB,5.8
2014,Dion Bailey,USC,SS,5.8
2014,Jared Abbrederis,WISCONSIN,WR,5.8
2014,Marcus Williams,NORTH DAKOTA ST.,CB,5.6
2014,Karl Williams,UTAH,FB,5.6
2014,Austin Wentworth,FRESNO ST.,OG,5.6
2014,Brandon Watts,GEORGIA TECH,OLB,5.6
2014,Todd Washington,SOUTHEASTERN LOUISIANA,CB,5.6
2014,Jimmie Ward,NORTHERN ILLINOIS,SS,5.6
2014,Josh Walker,MIDDLE TENNESSEE ST.,OT,5.6
2014,Lawrence Virgil,VALDOSTA ST.,DT,5.6
2014,Mitchell Van Dyk,PORTLAND ST.,OT,5.6
2014,Kirby Van Der Kamp,IOWA ST.,P,5.6
2014,Trai Turner,LSU,OG,5.6
2014,Jordan Tripp,MONTANA,OLB,5.6
2014,Jemea Thomas,GEORGIA TECH,CB,5.6
2014,Vinnie Sunseri,ALABAMA,SS,5.6
2014,Bryan Stork,FLORIDA ST.,C,5.6
2014,James Stone,TENNESSEE,C,5.6
2014,Josh Stewart,OKLAHOMA ST.,WR,5.6
2014,Marquis Spruill,SYRACUSE,ILB,5.6
2014,Willie Snead,BALL ST.,WR,5.6
2014,Will Smith,TEXAS TECH,OLB,5.6
2014,Brett Smith,WYOMING,QB,5.6
2014,Nathan Slaughter,WEST TEXAS A&M,WR,5.6
2014,Tom Savage,PITTSBURGH,QB,5.6
2014,Cairo Santos,TULANE,K,5.6
2014,Ed Reynolds,STANFORD,FS,5.6
2014,Bryn Renner,NORTH CAROLINA,QB,5.6
2014,Tevin Reese,BAYLOR,WR,5.6
2014,Keith Reaser,FLORIDA ATLANTIC,CB,5.6
2014,Ladarius Perkins,MISSISSIPPI ST.,RB,5.6
2014,Kevin Pamphile,PURDUE,OT,5.6
2014,Kevin Norwood,ALABAMA,WR,5.6
2014,Andrew Norwell,OHIO ST.,OG,5.6
2014,Jonathan Newsome,BALL ST.,DE,5.6
2014,Rajion Neal,TENNESSEE,RB,5.6
2014,Jake Murphy,UTAH,TE,5.6
2014,Trey Millard,OKLAHOMA,FB,5.6
2014,Jamil Merrell,RUTGERS,DE,5.6
2014,Jamal Merrell,RUTGERS,OLB,5.6
2014,Dexter Mcdougle,MARYLAND,CB,5.6
2014,Eathyn Manumaleuna,BYU,DE,5.6
2014,Cody Mandell,ALABAMA,P,5.6
2014,Ben Malena,TEXAS A&M,RB,5.6
2014,Arthur Lynch,GEORGIA,TE,5.6
2014,Luke Lucas,KANSAS ST.,OT,5.6
2014,Marcus Lucas,MISSOURI,WR,5.6
2014,Erik Lora,EASTERN ILLINOIS,WR,5.6
2014,Sam Longo,CINCINNATI,OT,5.6
2014,Boseko Lokombo,OREGON,OLB,5.6
2014,Corey Linsley,OHIO ST.,C,5.6
2014,Isaiah Lewis,MICHIGAN ST.,SS,5.6
2014,Zach Kerr,DELAWARE,NT,5.6
2014,Devon Kennard,USC,OLB,5.6
2014,Reggie Jordan,MISSOURI WESTERN,TE,5.6
2014,Ryan Jones,SAN JOSE ST.,C,5.6
2014,Randell Johnson,FLORIDA ATLANTIC,OLB,5.6
2014,Ulrick John,GEORGIA STATE,OT,5.6
2014,Jackson Jeffcoat,TEXAS,DE,5.6
2014,Allen Hurns,MIAMI,WR,5.6
2014,Matt Hazel,COASTAL CAROLINA,WR,5.6
2014,Matt Hall,BELHAVEN,OT,5.6
2014,Sullivan Grosz,CAL POLY,DT,5.6
2014,Xavier Grimble,USC,TE,5.6
2014,Marion Grice,ARIZONA STATE,RB,5.6
2014,Ryan Grant,TULANE,WR,5.6
2014,Evan Gill,MANITOBA (CANADA),DT,5.6
2014,Jeremiah George,IOWA ST.,ILB,5.6
2014,"Jerry ""Booboo"" Gates",BOWLING GREEN,SS,5.6
2014,Bruce Gaston,PURDUE,DT,5.6
2014,Tyler Gaffney,STANFORD,RB,5.6
2014,Austin Franklin,NEW MEXICO ST.,WR,5.6
2014,David Fluellen,TOLEDO,RB,5.6
2014,David Fales,SAN JOSE ST.,QB,5.6
2014,Ik Enemkpali,LOUISIANA TECH,DE,5.6
2014,Kasim Edebali,BOSTON COLLEGE,DE,5.6
2014,Brandon Dixon,NORTHWEST MISSOURI ST.,CB,5.6
2014,Alden Darby,ARIZONA STATE,FS,5.6
2014,Euclid Cummings,GEORGIA TECH,DT,5.6
2014,Brock Coyle,MONTANA,ILB,5.6
2014,J.C. Copeland,LSU,FB,5.6
2014,Brelan Chancellor,NORTH TEXAS,WR,5.6
2014,Ryan Carrethers,ARKANSAS STATE,NT,5.6
2014,Carrington Byndom,TEXAS,CB,5.6
2014,Justin Britt,MISSOURI,OT,5.6
2014,Morgan Breslin,USC,OLB,5.6
2014,Luke Bowanko,VIRGINIA,C,5.6
2014,Chris Boswell,RICE,K,5.6
2014,Tre Boston,NORTH CAROLINA,SS,5.6
2014,Rob Blanchflower,MASSACHUSETTS,TE,5.6
2014,Deion Belue,ALABAMA,CB,5.6
2014,C.J. Barnett,OHIO ST.,SS,5.6
2014,George Atkinson,NOTRE DAME,RB,5.6
2014,Nate Askew,TEXAS A&M,OLB,5.6
2014,Matt Armstrong,GRAND VALLEY ST.,C,5.6
2014,Blake Annen,CINCINNATI,TE,5.6
2014,Antonio Andrews,WESTERN KENTUCKY,RB,5.6
2014,Ricardo Allen,PURDUE,CB,5.6
2014,Walt Aikens,LIBERTY,CB,5.6
2014,Kenneth Acker,SMU,CB,5.6
2014,James Wright,LSU,WR,5.5
2014,Tavarius Wilson,NORTH ALABAMA,ILB,5.5
2014,Damien Williams,OKLAHOMA,RB,5.5
2014,James White,WISCONSIN,RB,5.5
2014,Chris Whaley,TEXAS,DT,5.5
2014,Keith Wenning,BALL ST.,QB,5.5
2014,George Uko,USC,DE,5.5
2014,Khyri Thornton,SOUTHERN MISS,DT,5.5
2014,Lorenzo Taliaferro,COASTAL CAROLINA,RB,5.5
2014,Daniel Sorensen,BYU,FS,5.5
2014,Jerome Smith,SYRACUSE,RB,5.5
2014,Hakeem Smith,LOUISVILLE,FS,5.5
2014,Charles Siddoway,MISSISSIPPI ST.,OT,5.5
2014,Shawn Shupperd,EASTERN KENTUCKY,DE,5.5
2014,Connor Shaw,SOUTH CAROLINA,QB,5.5
2014,Charles Sawyer,MISSISSIPPI,CB,5.5
2014,Silas Redd,USC,RB,5.5
2014,Kaleb Ramsey,BOSTON COLLEGE,DE,5.5
2014,Dashaun Phillips,TARLETON ST.,CB,5.5
2014,Mike Pennel,COLORADO STATE-PUEBLO,DT,5.5
2014,Cody Parkey,AUBURN,K,5.5
2014,Sean Parker,WASHINGTON,SS,5.5
2014,Matt Paradis,BOISE ST.,C,5.5
2014,James Morris,IOWA,ILB,5.5
2014,D.J. Morrell,OLD DOMINION,OT,5.5
2014,Jamie Meder,ASHLAND,DE,5.5
2014,Taylor Martinez,NEBRASKA,QB,5.5
2014,Jordan Lynch,NORTHERN ILLINOIS,QB,5.5
2014,A.C. Leonard,TENNESSEE ST.,TE,5.5
2014,Dede Lattimore,SOUTH FLORIDA,ILB,5.5
2014,Henry Josey,MISSOURI,RB,5.5
2014,Nic Jacobs,MCNEESE ST.,TE,5.5
2014,Stephen Houston,INDIANA,RB,5.5
2014,Tom Hornsey,MEMPHIS,P,5.5
2014,Trey Hopkins,TEXAS,OG,5.5
2014,Cody Hoffman,BYU,WR,5.5
2014,Ryan Hewitt,STANFORD,FB,5.5
2014,Marcus Heit,KANSAS ST.,LS,5.5
2014,Shelby Harris,ILLINOIS ST.,DE,5.5
2014,Josh Harris,WAKE FOREST,RB,5.5
2014,Kyle Harbridge,ST. FRANCIS (PA),RB,5.5
2014,Je'Ron Hamm,LOUISIANA-MONROE,WR,5.5
2014,Kevin Graf,USC,OT,5.5
2014,Demetri Goodson,BAYLOR,CB,5.5
2014,Crockett Gillmore,COLORADO ST.,TE,5.5
2014,Garrett Gilbert,SMU,QB,5.5
2014,Ben Gardner,STANFORD,DE,5.5
2014,Jeremy Gallon,MICHIGAN,WR,5.5
2014,Bennie Fowler,MICHIGAN ST.,WR,5.5
2014,Donte Foster,OHIO,WR,5.5
2014,Terrence Fede,MARIST,DE,5.5
2014,Ciante Evans,NEBRASKA,CB,5.5
2014,Kadeem Edwards,TENNESSEE ST.,OG,5.5
2014,Joe Don Duncan,DIXIE ST.,TE,5.5
2014,Brandon Denmark,FLORIDA A&M,OLB,5.5
2014,Isaiah Crowell,ALABAMA ST.,RB,5.5
2014,Tim Cornett,UNLV,RB,5.5
2014,Darwin Cook,WEST VIRGINIA,SS,5.5
2014,D.J. Coles,VIRGINIA TECH,WR,5.5
2014,Brennan Clay,OKLAHOMA,RB,5.5
2014,Will Clarke,WEST VIRGINIA,DE,5.5
2014,Glenn Carson,PENN ST.,ILB,5.5
2014,Michael Campanaro,WAKE FOREST,WR,5.5
2014,Christian Bryant,OHIO ST.,FS,5.5
2014,Jadeveon Clowney,SOUTH CAROLINA,DE,7.5
2014,Sammy Watkins,CLEMSON,WR,7.1
2014,Greg Robinson,AUBURN,OT,7.0
2014,C.J. Mosley,ALABAMA,ILB,7.0
2014,Jake Matthews,TEXAS A&M,OT,7.0
2014,Khalil Mack,BUFFALO,OLB,7.0
2014,Anthony Barr,UCLA,OLB,7.0
2014,Stephon Tuitt,NOTRE DAME,DE,6.8
2014,Justin Gilbert,OKLAHOMA ST.,CB,6.8
2014,Eric Ebron,NORTH CAROLINA,TE,6.8
2014,Teddy Bridgewater,LOUISVILLE,QB,6.8
2014,Blake Bortles,CENTRAL FLORIDA,QB,6.8
2014,Kelvin Benjamin,FLORIDA ST.,WR,6.8
2014,Ryan Shazier,OHIO ST.,OLB,6.7
2014,Bradley Roby,OHIO ST.,CB,6.7
2014,Calvin Pryor,LOUISVILLE,FS,6.7
2014,Taylor Lewan,MICHIGAN,OT,6.7
2014,Marqise Lee,USC,WR,6.7
2014,Demarcus Lawrence,BOISE ST.,DE,6.7
2014,Carlos Hyde,OHIO ST.,RB,6.7
2014,Ken Bishop,NORTHERN ILLINOIS,DT,5.5
2014,Kapri Bibbs,COLORADO ST.,RB,5.5
2014,Alex Bayer,BOWLING GREEN,TE,5.5
2014,Chad Abram,FLORIDA ST.,FB,5.5
2014,Lou Young,GEORGIA TECH,CB,5.4
2014,Avery Williamson,KENTUCKY,ILB,5.4
2014,Nickoe Whitley,MISSISSIPPI ST.,FS,5.4
2014,Pierre Warren,JACKSONVILLE ST.,FS,5.4
2014,Zurlon Tipton,CENTRAL MICHIGAN,RB,5.4
2014,Tyler Starr,SOUTH DAKOTA,OLB,5.4
2014,James Sims,KANSAS,RB,5.4
2014,Mohammed Seisay,NEBRASKA,CB,5.4
2014,Garrett Scott,MARSHALL,OT,5.4
2014,Justin Renfrow,MIAMI,OT,5.4
2014,Jabari Price,NORTH CAROLINA,CB,5.4
2014,Eric Pinkins,SAN DIEGO ST.,FS,5.4
2014,Senorise Perry,LOUISVILLE,RB,5.4
2014,Matt Patchan,BOSTON COLLEGE,OT,5.4
2014,Pat O'Donnell,MIAMI,P,5.4
2014,Tevin Mims,SOUTH FLORIDA,DE,5.4
2014,Antwan Lowery,RUTGERS,OG,5.4
2014,Richie Leone,HOUSTON,P,5.4
2014,Kenny Ladler,VANDERBILT,FS,5.4
2014,Kerry Hyder,TEXAS TECH,DT,5.4
2014,Torrance Hunt,GEORGIA SOUTHERN,RB,5.4
2014,Mike Hunchak,MONMOUTH (NJ),C,5.4
2014,Anthony Hitchens,IOWA,OLB,5.4
2014,Jon Halapio,FLORIDA,OG,5.4
2014,Deron Furr,FORT VALLEY ST.,SS,5.4
2014,Anthony Fera,TEXAS,K,5.4
2014,Ryan Culbreath,FURMAN,WR,5.4
2014,Brian Clarke,BLOOMSBURG,OG,5.4
2014,Darryl Cato-Bishop,N.C. STATE,DE,5.4
2014,Chris Burnette,GEORGIA,OG,5.4
2014,John Brown,PITTSBURG ST. (KS),WR,5.4
2014,Corey Brown,OHIO ST.,WR,5.4
2014,Levi Brown,TEMPLE,DT,5.4
2014,Xavius Boyd,WESTERN KENTUCKY,OLB,5.4
2014,Josh Allen,LOUISIANA-MONROE,C,5.4
2014,Maurice Alexander,UTAH ST.,SS,5.4
2014,D.J. Adams,PORTLAND ST.,RB,5.4
2014,D.J. Yendrey,TEXAS ST.,DT,5.1
2014,Kerry Wynn,RICHMOND,DT,5.1
2014,Tavita Woodard,HAWAII,DE,5.1
2014,Albert Wilson,GEORGIA STATE,WR,5.1
2014,Khalil Wilkes,STANFORD,C,5.1
2014,Nikita Whitlock,WAKE FOREST,FB,5.1
2014,Asa Watson,N.C. STATE,TE,5.1
2014,Dustin Vaughan,WEST TEXAS A&M,QB,5.1
2014,Chidera Uzo-Diribe,COLORADO,DE,5.1
2014,Colton Underwood,ILLINOIS ST.,DE,5.1
2014,D.J. Tialavea,UTAH ST.,TE,5.1
2014,Robert Thomas,ARKANSAS,DT,5.1
2014,Jimmy Staten,MIDDLE TENNESSEE ST.,DT,5.1
2014,John Spooney,BROWN,RB,5.1
2014,Markus Smith,NEVADA,CB,5.1
2014,Garrison Smith,GEORGIA,DE,5.1
2014,Kiero Small,ARKANSAS,RB,5.1
2014,Jeremiah Sirles,NEBRASKA,OT,5.1
2014,Sammy Seamster,MIDDLE TENNESSEE ST.,CB,5.1
2014,Tavon Rooks,KANSAS ST.,OT,5.1
2014,Shaquille Richardson,ARIZONA,CB,5.1
2014,Jaz Reynolds,OKLAHOMA,WR,5.1
2014,Tommy Rees,NOTRE DAME,QB,5.1
2014,Bernard Reedy,TOLEDO,WR,5.1
2014,Keith Price,WASHINGTON,QB,5.1
2014,Walt Powell,MURRAY ST.,WR,5.1
2014,Kevin Pierre-Louis,BOSTON COLLEGE,OLB,5.1
2014,Casey Pachall,TCU,QB,5.1
2014,Tyler Ott,HARVARD,LS,5.1
2014,John Ojo,FLORIDA A&M,FS,5.1
2014,Stephen Obeng-Agyapong,PENN ST.,SS,5.1
2014,Roosevelt Nix,KENT ST.,FB,5.1
2014,Corey Nelson,OKLAHOMA,OLB,5.1
2014,Jordan Najvar,BAYLOR,TE,5.1
2014,Johnny Millard,CAL POLY,OLB,5.1
2014,D.J. Mendenhall,URBANA (OH),QB,5.1
2014,James Mccombie,SLIPPERY ROCK,P,5.1
2014,Demonte Mcallister,FLORIDA ST.,DT,5.1
2014,Frances Mays,FLORIDA A&M,DE,5.1
2014,Chris Martin,CENTRAL FLORIDA,OG,5.1
2014,A.J. Marshall,WAKE FOREST,WR,5.1
2014,Daytawion Lowe,OKLAHOMA ST.,FS,5.1
2014,Ja-Mes Logan,MISSISSIPPI,WR,5.1
2014,Nevin Lawson,UTAH ST.,CB,5.1
2014,Rashad Lawrence,NORTHWESTERN,WR,5.1
2014,Ryan Lankford,ILLINOIS,WR,5.1
2014,Anthony Lacoste,AIR FORCE,RB,5.1
2014,Danny Kistler Jr.,MONTANA,OT,5.1
2014,Zac Kerin,TOLEDO,C,5.1
2014,Seantavius Jones,VALDOSTA ST.,WR,5.1
2014,Chandler Jones,SAN JOSE ST.,WR,5.1
2014,Derrick Hopkins,VIRGINIA TECH,DT,5.1
2014,Zach Hocker,ARKANSAS,K,5.1
2014,Aaron Hill,MINNESOTA,OLB,5.1
2014,Rob Henry,PURDUE,WR,5.1
2014,Donald Hawkins,TEXAS,OT,5.1
2014,Spencer Hadley,BYU,OLB,5.1
2014,Phillip Gaines,RICE,CB,5.1
2014,Andrew Furney,WASHINGTON ST.,K,5.1
2014,Kaneakua Friel,BYU,TE,5.1
2014,Nate Freese,BOSTON COLLEGE,K,5.1
2014,Dan Fox,NOTRE DAME,ILB,5.1
2014,Gerald Ford,VALDOSTA ST.,WR,5.1
2014,Rico Forbes,WASHINGTON ST.,OT,5.1
2014,Marquis Flowers,ARIZONA,OLB,5.1
2014,Timothy Flanders,SAM HOUSTON ST.,RB,5.1
2014,Mike Flacco,NEW HAVEN,TE,5.1
2014,Matt Feiler,BLOOMSBURG,OT,5.1
2014,Quincy Enunwa,NEBRASKA,WR,5.1
2014,Justin Ellis,LOUISIANA TECH,DT,5.1
2014,Brian Dixon,NORTHWEST MISSOURI ST.,CB,5.1
2014,Anthony Denham,UTAH,TE,5.1
2014,Damian Copeland,LOUISVILLE,WR,5.1
2014,Steven Clark,AUBURN,P,5.1
2014,Carlo Calabrese,NOTRE DAME,ILB,5.1
2014,Aaron Burks,BOISE ST.,WR,5.1
2014,Ted Bolser,INDIANA,TE,5.1
2014,Conor Boffeli,IOWA,OG,5.1
2014,Greg Blair,CINCINNATI,ILB,5.1
2014,Zach Bauman,NORTHERN ARIZONA,RB,5.1
2014,Cody Bauer,RICE,DE,5.1
2014,Torrence Allen,WEST TEXAS A&M,WR,5.1
2014,Denicos Allen,MICHIGAN ST.,OLB,5.1
2014,Beau Allen,WISCONSIN,DT,5.1
2014,Cody Peterson,NAVY,OLB,5.0
2014,Patrick Laird,ARMY,WR,5.0
2014,Blake Jackson,OKLAHOMA ST.,TE,5.0
2014,Dillon Farrell,NEW MEXICO,C,5.0
2014,Chris Elkins,YOUNGSTOWN ST.,OG,5.0
2014,Nate Dreiling,PITTSBURG ST. (KS),OLB,5.0
2014,Kyle Bryant,YOUNGSTOWN ST.,OT,5.0
2014,Ra'Shede Hageman,MINNESOTA,DT,6.7
2014,Mike Evans,TEXAS A&M,WR,6.7
2014,Ha Ha Clinton-Dix,ALABAMA,FS,6.7
2014,Louis Nix,NOTRE DAME,NT,6.4
2014,Zack Martin,NOTRE DAME,OT,6.4
2014,Johnny Manziel,TEXAS A&M,QB,6.4
2014,Gabe Jackson,MISSISSIPPI ST.,OG,6.4
2014,Darqueze Dennard,MICHIGAN ST.,CB,6.4
2014,Odell Beckham Jr.,LSU,WR,6.4
2014,Davante Adams,FRESNO ST.,WR,6.4
2014,Donte Moncrief,MISSISSIPPI,WR,6.3
2014,Jeremy Hill,LSU,RB,6.3
2014,Brandin Cooks,OREGON ST.,WR,6.3
2014,Derek Carr,FRESNO ST.,QB,6.3
2014,Jason Verrett,TCU,CB,6.2
2014,Xavier Su'A-Filo,UCLA,OG,6.2
2014,Ed Stinson,ALABAMA,DE,6.2
2014,Allen Robinson,PENN ST.,WR,6.2
2014,Rashaad Reynolds,OREGON ST.,CB,6.2
2014,Troy Niklas,NOTRE DAME,TE,6.2
2014,Trent Murphy,STANFORD,OLB,6.2
2014,Dan Mccullers,TENNESSEE,DT,6.2
2014,Aj Mccarron,ALABAMA,QB,6.2
2014,Tre Mason,AUBURN,RB,6.2
2014,Cyrus Kouandjio,ALABAMA,OT,6.2
2014,Daquan Jones,PENN ST.,DT,6.2
2014,Ja'Wuan James,TENNESSEE,OT,6.2
2014,Marqueston Huff,WYOMING,FS,6.2
2014,Kony Ealy,MISSOURI,DE,6.2
2014,Ka'Deem Carey,ARIZONA,RB,6.2
2014,Andre Williams,BOSTON COLLEGE,RB,6.1
2014,Kyle Van Noy,BYU,OLB,6.1
2014,John Urschel,PENN ST.,OG,6.1
2014,Travis Swanson,ARKANSAS,C,6.1
2014,Will Sutton,ARIZONA STATE,DT,6.1
2014,Shayne Skov,STANFORD,ILB,6.1
2014,Austin Seferian-Jenkins,WASHINGTON,TE,6.1
2014,Antonio Richardson,TENNESSEE,OT,6.1
2014,Jack Mewhort,OHIO ST.,OT,6.1
2014,Jordan Matthews,VANDERBILT,WR,6.1
2014,Marcus Martin,USC,C,6.1
2014,Craig Loston,LSU,SS,6.1
2014,Jarvis Landry,LSU,WR,6.1
2014,Anthony Johnson,LSU,DT,6.1
2014,Timmy Jernigan,FLORIDA ST.,NT,6.1
2014,Seantrel Henderson,MIAMI,OT,6.1
2014,Devonta Freeman,FLORIDA ST.,RB,6.1
2014,C.J. Fiedorowicz,IOWA,TE,6.1
2014,Ego Ferguson,LSU,DT,6.1
2014,Bashaud Breeland,CLEMSON,CB,6.1
2014,Chris Borland,WISCONSIN,ILB,6.1
2014,Joel Bitonio,NEVADA,OT,6.1
2014,Jeremiah Attaochu,GEORGIA TECH,OLB,6.1
2014,David Yankey,STANFORD,OG,5.9
2014,Terrance West,TOWSON,RB,5.9
2014,Chris Watt,NOTRE DAME,OG,5.9
2014,Brock Vereen,MINNESOTA,FS,5.9
2014,Logan Thomas,VIRGINIA TECH,QB,5.9
2014,De'Anthony Thomas,OREGON,RB,5.9
2014,Brandon Thomas,CLEMSON,OT,5.9
2014,Shamar Stephen,CONNECTICUT,DT,5.9
2014,Marcus Smith,LOUISVILLE,DE,5.9
2014,Yawin Smallwood,CONNECTICUT,OLB,5.9
2014,Charles Sims,WEST VIRGINIA,RB,5.9
2014,Marcus Roberson,FLORIDA,CB,5.9
2014,Cyril Richardson,BAYLOR,OG,5.9
2014,Trevor Reilly,UTAH,OLB,5.9
2014,Kelcy Quarles,SOUTH CAROLINA,DT,5.9
2014,Ronald Powell,FLORIDA,OLB,5.9
2014,Keith Mcgill,UTAH,CB,5.9
2014,Cassius Marsh,UCLA,DE,5.9
2014,T.J. Jones,NOTRE DAME,WR,5.9
2014,James Hurst,NORTH CAROLINA,OT,5.9
2014,Adrian Hubbard,ALABAMA,OLB,5.9
2014,Jimmy Garoppolo,EASTERN ILLINOIS,QB,5.9
2014,Kyle Fuller,VIRGINIA TECH,CB,5.9
2014,Dee Ford,AUBURN,DE,5.9
2014,Antone Exum,VIRGINIA TECH,CB,5.9
2014,Bruce Ellington,SOUTH CAROLINA,WR,5.9
2014,Laurent Duvernay-Tardif,MCGILL (CANADA),OT,5.9
2014,Dakota Dozier,FURMAN,OT,5.9
2014,Aaron Donald,PITTSBURGH,DT,5.9
2014,Scott Crichton,OREGON ST.,DE,5.9
2014,Deandre Coleman,CALIFORNIA,DT,5.9
2014,Brandon Coleman,RUTGERS,WR,5.9
2014,Ross Cockrell,DUKE,CB,5.9
2014,T.J. Carrie,OHIO,CB,5.9
2014,Preston Brown,LOUISVILLE,ILB,5.9
2014,Tajh Boyd,CLEMSON,QB,5.9
2014,Lamin Barrow,LSU,OLB,5.9
2014,Dri Archer,KENT ST.,RB,5.9
2014,Jace Amaro,TEXAS TECH,TE,5.9
2014,Jordan Zumwalt,UCLA,ILB,5.8
2014,James Wilder Jr.,FLORIDA ST.,RB,5.8
2014,Lavelle Westbrooks,GEORGIA SOUTHERN,CB,5.8
2014,Ethan Westbrooks,WEST TEXAS A&M,DE,5.8
2014,Larry Webster,BLOOMSBURG,DE,5.8
2014,Jaylen Watkins,FLORIDA,CB,5.8
2014,L'Damian Washington,MISSOURI,WR,5.8
2014,Brent Urban,VIRGINIA,DT,5.8
2014,Uani' Unga,BYU,ILB,5.8
2014,Billy Turner,NORTH DAKOTA ST.,OT,5.8
2014,Devin Street,PITTSBURGH,WR,5.8
2014,Anthony Steen,ALABAMA,OG,5.8
2014,Dezmen Southward,WISCONSIN,FS,5.8
2014,Telvin Smith,FLORIDA ST.,ILB,5.8
2014,Chris Smith,ARKANSAS,DE,5.8
2014,Prince Shembo,NOTRE DAME,OLB,5.8
2014,Lache Seastrunk,BAYLOR,RB,5.8
2014,Michael Schofield,MICHIGAN,OT,5.8
2014,Jalen Saunders,OKLAHOMA,WR,5.8
2014,Bishop Sankey,WASHINGTON,RB,5.8
2014,Michael Sam,MISSOURI,DE,5.8
2014,Richard Rodgers,CALIFORNIA,TE,5.8
2014,Weston Richburg,COLORADO ST.,C,5.8
2014,Paul Richardson,COLORADO,WR,5.8
2014,Demetrius Rhaney,TENNESSEE ST.,C,5.8
2014,Caraun Reid,PRINCETON,DT,5.8
2014,Loucheiz Purifoy,FLORIDA,CB,5.8
2014,Jay Prosch,AUBURN,FB,5.8
2014,Jacob Pedersen,WISCONSIN,TE,5.8
2014,Solomon Patton,FLORIDA,WR,5.8
2014,Tenny Palepoi,UTAH,DT,5.8
2014,Jeoffrey Pagan,ALABAMA,DE,5.8
2014,Aaron Murray,GEORGIA,QB,5.8
2014,Adam Muema,SAN DIEGO ST.,RB,5.8
2014,Morgan Moses,VIRGINIA,OT,5.8
2014,Stephen Morris,MIAMI,QB,5.8
2014,Zach Moore,CONCORDIA (MN),DE,5.8
2014,Terrance Mitchell,OREGON,CB,5.8
2014,Zach Mettenberger,LSU,QB,5.8
2014,Jerick Mckinnon,GEORGIA SOUTHERN,RB,5.8
2014,Josh Mauro,STANFORD,DE,5.8
2014,Jeff Mathews,CORNELL,QB,5.8
2014,Kareem Martin,NORTH CAROLINA,DE,5.8
2014,Aaron Lynch,SOUTH FLORIDA,DE,5.8
2014,Colt Lyerla,OREGON,TE,5.8
2014,Spencer Long,NEBRASKA,OG,5.8
2014,Brandon Linder,MIAMI,OG,5.8
2014,Charles Leno Jr.,BOISE ST.,OT,5.8
2014,Cody Latimer,INDIANA,WR,5.8
2014,Tyler Larsen,UTAH ST.,C,5.8
2014,Christian Kirksey,IOWA,OLB,5.8
2014,Lamarcus Joyner,FLORIDA ST.,CB,5.8
2014,Howard Jones,SHEPHERD,DE,5.8
2014,Christian Jones,FLORIDA ST.,ILB,5.8
2014,Wesley Johnson,VANDERBILT,OT,5.8
2014,Storm Johnson,CENTRAL FLORIDA,RB,5.8
2014,Dontae Johnson,N.C. STATE,CB,5.8
2014,Derrell Johnson,EAST CAROLINA,OLB,5.8
2014,Marcel Jensen,FRESNO ST.,TE,5.8
2014,Stanley Jean-Baptiste,NEBRASKA,CB,5.8
2014,Jeff Janis,SAGINAW VALLEY ST.,WR,5.8
2014,Kendall James,MAINE,CB,5.8
2014,Andrew Jackson,WESTERN KENTUCKY,ILB,5.8
2014,Bennett Jackson,NOTRE DAME,CB,5.8
2014,Gabe Ikard,OKLAHOMA,C,5.8
2014,Josh Huff,OREGON,WR,5.8
2014,Robert Herron,WYOMING,WR,5.8
2014,Taylor Hart,OREGON,DE,5.8
2015,James O'Shaughnessy,ILLINOIS ST.,TE,5.8
2015,Robert Myers,TENNESSEE ST.,OG,5.8
2015,Marcus Murphy,MISSOURI,RB,5.8
2015,Bobby Mccain,MEMPHIS,CB,5.8
2015,Tre Mcbride,WILLIAM & MARY,WR,5.8
2015,Nick Marshall,AUBURN,QB,5.8
2015,Sean Mannion,OREGON ST.,QB,5.8
2015,Donatella Luckett,HARDING,WR,5.8
2015,Derrick Lott,TENNESSEE-CHATTANOOGA,DT,5.8
2015,Kyle Loomis,PORTLAND ST.,P,5.8
2015,Dezmin Lewis,CENTRAL ARKANSAS,WR,5.8
2015,Eric Lefeld,CINCINNATI,OT,5.8
2015,Jeremy Langford,MICHIGAN ST.,RB,5.8
2015,Arie Kouandjio,ALABAMA,OG,5.8
2015,Matt Jones,FLORIDA,RB,5.8
2015,Byron Jones,CONNECTICUT,CB,5.8
2015,David Johnson,NORTHERN IOWA,RB,5.8
2015,Mike Hull,PENN ST.,OLB,5.8
2015,Austin Hill,ARIZONA,WR,5.8
2015,Ben Heeney,KANSAS,ILB,5.8
2015,Braylon Heard,KENTUCKY,RB,5.8
2015,Doran Grant,OHIO ST.,CB,5.8
2015,Jacoby Glenn,CENTRAL FLORIDA,CB,5.8
2015,Max Garcia,FLORIDA,C,5.8
2015,Alani Fua,BYU,OLB,5.8
2015,Tayo Fabuluje,TCU,OG,5.8
2015,Deshazor Everett,TEXAS A&M,CB,5.8
2015,Kaleb Eulls,MISSISSIPPI ST.,DT,5.8
2015,Jamil Douglas,ARIZONA STATE,OG,5.8
2015,Reese Dismukes,AUBURN,C,5.8
2015,Quandre Diggs,TEXAS,CB,5.8
2015,A.J. Derby,ARKANSAS,TE,5.8
2015,Andre Davis,SOUTH FLORIDA,WR,5.8
2015,John Crockett,NORTH DAKOTA ST.,RB,5.8
2015,Justin Coleman,TENNESSEE,CB,5.8
2015,Gerald Christian,LOUISVILLE,TE,5.8
2015,Donald Celiscar,WESTERN MICHIGAN,CB,5.8
2015,James Castleman,OKLAHOMA ST.,NT,5.8
2015,Ibraheim Campbell,NORTHWESTERN,SS,5.8
2015,Bryce Callahan,RICE,CB,5.8
2015,Trent Brown,FLORIDA,OG,5.8
2015,Malcolm Brown,TEXAS,RB,5.8
2015,Jamon Brown,LOUISVILLE,OT,5.8
2015,Nick Boyle,DELAWARE,TE,5.8
2015,Detrick Bonner,VIRGINIA TECH,FS,5.8
2015,Javorius Allen,USC,RB,5.8
2015,Mario Alford,WEST VIRGINIA,WR,5.8
2015,Damien Wilson,MINNESOTA,ILB,5.6
2015,Xavier Williams,NORTHERN IOWA,DT,5.6
2015,Deandrew White,ALABAMA,WR,5.6
2015,Tray Walker,TEXAS SOUTHERN,CB,5.6
2015,Brandon Vitabile,NORTHWESTERN,C,5.6
2015,Tyler Varga,YALE,FB,5.6
2015,Lynden Trail,NORFOLK ST.,DE,5.6
2015,Cam Thomas,WESTERN KENTUCKY,CB,5.6
2015,Jordan Taylor,RICE,WR,5.6
2015,A.J. Tarpley,STANFORD,ILB,5.6
2015,J.T. Surratt,SOUTH CAROLINA,DT,5.6
2015,Evan Spencer,OHIO ST.,WR,5.6
2015,Jake Smith,LOUISVILLE,C,5.6
2015,Blake Sims,ALABAMA,QB,5.6
2015,Adam Shead,OKLAHOMA,OG,5.6
2015,Wes Saxton,SOUTH ALABAMA,TE,5.6
2015,Bud Sasser,MISSOURI,WR,5.6
2015,James Sample,LOUISVILLE,SS,5.6
2015,Spencer Roth,BAYLOR,P,5.6
2015,Jake Rodgers,EASTERN WASHINGTON,OT,5.6
2015,Josh Robinson,MISSISSIPPI ST.,RB,5.6
2015,Jermauria Rasco,LSU,OLB,5.6
2015,Travis Raciti,SAN JOSE ST.,DT,5.6
2015,Damian Parms,FLORIDA ATLANTIC,SS,5.6
2015,Mark Nzeocha,WYOMING,OLB,5.6
2015,Rakeem Nunez-Roches,SOUTHERN MISS,DT,5.6
2015,Levi Norwood,BAYLOR,WR,5.6
2015,Deiontrez Mount,LOUISVILLE,OLB,5.6
2015,Mitch Morse,MISSOURI,OG,5.6
2015,Darrian Miller,KENTUCKY,OG,5.6
2015,Tevin Mcdonald,EASTERN WASHINGTON,FS,5.6
2015,Dexter Mcdonald,KANSAS,CB,5.6
2015,Joey Mbu,HOUSTON,DT,5.6
2015,Ronald Martin,LSU,SS,5.6
2015,Terrence Magee,LSU,RB,5.6
2015,Deon Long,MARYLAND,WR,5.6
2015,B.J. Larsen,UTAH ST.,DE,5.6
2015,Kyshoen Jarrett,VIRGINIA TECH,SS,5.6
2015,Jesse James,PENN ST.,TE,5.6
2015,Zack Hodges,HARVARD,OLB,5.6
2015,Sean Hickey,SYRACUSE,OT,5.6
2015,Amarlo Herrera,GEORGIA,ILB,5.6
2015,Taylor Heinicke,OLD DOMINION,QB,5.6
2015,Bobby Hart,FLORIDA ST.,OG,5.6
2015,Chad Hamilton,COASTAL CAROLINA,C,5.6
2015,Connor Halliday,WASHINGTON ST.,QB,5.6
2015,Rannell Hall,CENTRAL FLORIDA,WR,5.6
2015,Chris Hackett,TCU,FS,5.6
2015,Obum Gwacham,OREGON ST.,DE,5.6
2015,Clayton Geathers,CENTRAL FLORIDA,SS,5.6
2015,Randall Evans,KANSAS ST.,CB,5.6
2015,Durell Eskridge,SYRACUSE,FS,5.6
2015,B.J. Dubose,LOUISVILLE,OLB,5.6
2015,Miles Dieffenbach,PENN ST.,OG,5.6
2015,Xzavier Dickson,ALABAMA,OLB,5.6
2015,Aaron Davis,COLORADO ST.,OLB,5.6
2015,Devante Davis,UNLV,WR,5.6
2015,Davaris Daniels,NOTRE DAME,WR,5.6
2015,Anthony Chickillo,MIAMI,DE,5.6
2015,Shane Carden,EAST CAROLINA,QB,5.6
2015,Cariel Brooks,ADAMS ST.,CB,5.6
2015,Bernard Blake,COLORADO ST.,CB,5.6
2015,Blake Bell,OKLAHOMA,TE,5.6
2015,Ben Beckwith,MISSISSIPPI ST.,OG,5.6
2015,Wil Baumann,N.C. STATE,P,5.6
2015,Deion Barnes,PENN ST.,OLB,5.6
2015,Cody Wichmann,FRESNO ST.,OG,5.5
2015,Tony Washington,OREGON,OLB,5.5
2015,Zach Vigil,UTAH ST.,ILB,5.5
2015,Cedric Thompson,MINNESOTA,FS,5.5
2015,Ross Scheuerman,LAFAYETTE,RB,5.5
2015,Junior Salt,UTAH,OG,5.5
2015,Ryan Russell,PURDUE,DE,5.5
2015,Curtis Riley,FRESNO ST.,CB,5.5
2015,Mycole Pruitt,SOUTHERN ILLINOIS,TE,5.5
2015,Casey Pierce,KENT ST.,TE,5.5
2015,Ellis Mccarthy,UCLA,DT,5.5
2015,Cole Manhart,NEBRASKA-KEARNEY,C,5.5
2015,Khari Lee,BOWIE ST.,TE,5.5
2015,Darius Kilgo,MARYLAND,NT,5.5
2015,Martin Ifedi,MEMPHIS,DE,5.5
2015,Chucky Hunter,TCU,DT,5.5
2015,Pete Hart,COLORADO ST.,RB,5.5
2015,Bryce Hager,BAYLOR,ILB,5.5
2015,Chaz Green,FLORIDA,OT,5.5
2015,Jalston Fowler,ALABAMA,FB,5.5
2015,Cody Fajardo,NEVADA,QB,5.5
2015,Fritz Etienne,MEMPHIS,SS,5.5
2015,Jahwan Edwards,BALL ST.,RB,5.5
2015,Trey Depriest,ALABAMA,ILB,5.5
2015,Ryan Delaire,TOWSON,DE,5.5
2015,Dillon Day,MISSISSIPPI ST.,C,5.5
2015,Kaelin Clay,UTAH,WR,5.5
2015,B.J. Catalon,TCU,RB,5.5
2015,Leon Brown,ALABAMA,OG,5.5
2015,Brandon Bridge,SOUTH ALABAMA,QB,5.5
2015,Al Bond,MEMPHIS,OG,5.5
2015,Angelo Blackson,AUBURN,DT,5.5
2015,E.J. Bibbs,IOWA ST.,TE,5.5
2015,David Andrews,GEORGIA,C,5.5
2015,Cam Worthy,EAST CAROLINA,WR,5.4
2015,Kasen Williams,WASHINGTON,WR,5.4
2015,James Vaughters,STANFORD,OLB,5.4
2015,Kristjan Sokoli,BUFFALO,DT,5.4
2015,Tye Smith,TOWSON,CB,5.4
2015,Deon Simon,NORTHWESTERN ST. (LA),NT,5.4
2015,Ian Silberman,BOSTON COLLEGE,OG,5.4
2015,Aaron Ripkowski,OKLAHOMA,FB,5.4
2015,Shaquille Riddick,WEST VIRGINIA,DE,5.4
2015,Addison Richards,REGINA,WR,5.4
2015,Terry Poole,SAN DIEGO ST.,OG,5.4
2015,Bradley Pinion,CLEMSON,P,5.4
2015,J.J. Nelson,UAB,WR,5.4
2015,Connor Neighbors,LSU,FB,5.4
2015,Quayshawn Nealy,GEORGIA TECH,ILB,5.4
2015,Tyler Moore,FLORIDA,OG,5.4
2015,Hutson Mason,GEORGIA,QB,5.4
2015,Dean Marlowe,JAMES MADISON,FS,5.4
2015,Nigel King,KANSAS,WR,5.4
2015,Gus Johnson,STEPHEN F. AUSTIN,RB,5.4
2015,Anthony Jefferson,UCLA,CB,5.4
2015,Warren Herring,WISCONSIN,DT,5.4
2015,Greg Henderson,COLORADO,CB,5.4
2015,Deontay Greenberry,HOUSTON,WR,5.4
2015,Curtis Grant,OHIO ST.,ILB,5.4
2015,Michael Dyer,LOUISVILLE,RB,5.4
2015,Zach D'Orazio,AKRON,WR,5.4
2015,Corey Crawford,CLEMSON,DE,5.4
2015,Justin Cox,MISSISSIPPI ST.,FS,5.4
2015,Corey Cooper,NEBRASKA,SS,5.4
2015,Takoby Cofield,DUKE,OT,5.4
2015,Sam Carter,TCU,SS,5.4
2015,Dominique Brown,LOUISVILLE,RB,5.4
2015,Da'Ron Brown,NORTHERN ILLINOIS,WR,5.4
2015,Anthony Boone,DUKE,QB,5.4
2015,Mickey Baucus,ARIZONA,OT,5.4
2015,Tavaris Barnes,CLEMSON,DE,5.4
2015,Neiron Ball,FLORIDA,OLB,5.4
2015,Julian Wilson,OKLAHOMA,CB,5.1
2015,Eric Tomlinson,TEXAS-EL PASO,TE,5.1
2015,Dylan Thompson,SOUTH CAROLINA,QB,5.1
2015,Tacoi Sumler,APPALACHIAN ST.,WR,5.1
2015,Deterrian Shackleford,MISSISSIPPI,ILB,5.1
2015,Ezell Ruffin,SAN DIEGO ST.,WR,5.1
2015,Edmond Robinson,NEWBERRY,OLB,5.1
2015,Jared Roberts,COLORADO ST.,K,5.1
2015,Collin Rahrig,INDIANA,C,5.1
2015,Kevin Parks,VIRGINIA,RB,5.1
2015,Keith Mumphery,MICHIGAN ST.,WR,5.1
2015,Brian Mihalik,BOSTON COLLEGE,DE,5.1
2015,Shane Mcdermott,MIAMI,C,5.1
2015,Justin Manton,LOUISIANA-MONROE,K,5.1
2015,Matt Lengel,EASTERN KENTUCKY,TE,5.1
2015,Leonard Williams,USC,DE,7.4
2015,Amari Cooper,ALABAMA,WR,7.1
2015,Jameis Winston,FLORIDA ST.,QB,7.0
2015,Shane Ray,MISSOURI,DE,7.0
2015,Danny Shelton,WASHINGTON,NT,6.8
2015,Brandon Scherff,IOWA,OG,6.8
2015,Marcus Mariota,OREGON,QB,6.8
2015,Todd Gurley,GEORGIA,RB,6.8
2015,Randy Gregory,NEBRASKA,OLB,6.8
2015,Melvin Gordon,WISCONSIN,RB,6.8
2015,Dante Fowler Jr.,FLORIDA,OLB,6.8
2015,Landon Collins,ALABAMA,SS,6.8
2015,Arik Armstead,OREGON,DT,6.8
2015,P.J. Williams,FLORIDA ST.,CB,6.7
2015,Kevin White,WEST VIRGINIA,WR,6.7
2015,Trae Waynes,MICHIGAN ST.,CB,6.7
2015,Shaq Thompson,WASHINGTON,OLB,6.7
2015,Jordan Phillips,OKLAHOMA,NT,6.7
2015,Andrus Peat,STANFORD,OT,6.7
2015,Devante Parker,LOUISVILLE,WR,6.7
2015,Taylor Kelly,ARIZONA STATE,QB,5.1
2015,Joey Iosefa,HAWAII,RB,5.1
2015,Kenny Hilliard,LSU,RB,5.1
2015,Micah Hatchie,WASHINGTON,C,5.1
2015,Laurence Gibson,VIRGINIA TECH,OT,5.1
2015,Parrish Gaines,NAVY,FS,5.1
2015,Sam Ficken,PENN ST.,K,5.1
2015,Jon Feliciano,MIAMI,OG,5.1
2015,Caleb Farris,VIRGINIA TECH,OG,5.1
2015,Cole Farrand,MARYLAND,ILB,5.1
2015,Fabbians Ebbele,ARIZONA,OT,5.1
2015,Larry Dixon,ARMY,FB,5.1
2015,Geremy Davis,CONNECTICUT,WR,5.1
2015,Yannik Cudjoe-Virgil,MARYLAND,OLB,5.1
2015,Cameron Clemmons,WESTERN KENTUCKY,OT,5.1
2015,Cameron Clear,TEXAS A&M,TE,5.1
2015,Frank Clark,MICHIGAN,DE,5.1
2015,Michael Burton,RUTGERS,FB,5.1
2015,Kyle Brindza,NOTRE DAME,K,5.1
2015,Brett Boyko,UNLV,OT,5.1
2015,Kennard Backman,UAB,TE,5.1
2015,Jermaine Whitehead,AUBURN,FS,0.0
2015,Zack Wagenmann,MONTANA,DE,0.0
2015,Randall Telfer,USC,TE,0.0
2015,Trevor Pardula,KANSAS,P,0.0
2015,Jerry Lovelocke,PRAIRIE VIEW A&M,QB,0.0
2015,Josh Lambo,TEXAS A&M,K,0.0
2015,Christion Jones,ALABAMA,WR,0.0
2015,Will Johnson,TEXAS ST.,P,0.0
2015,Kyle Christy,FLORIDA,P,0.0
2015,Joe Cardona,NAVY,LS,0.0
2015,Bryan Bennett,SOUTHEASTERN LOUISIANA,QB,0.0
2015,Benardrick Mckinney,MISSISSIPPI ST.,ILB,6.7
2015,Eddie Goldman,FLORIDA ST.,DT,6.7
2015,Paul Dawson,TCU,ILB,6.7
2015,La'El Collins,LSU,OT,6.7
2015,Jalen Collins,LSU,CB,6.7
2015,Tevin Coleman,INDIANA,RB,6.7
2015,T.J. Clemmings,PITTSBURGH,OT,6.7
2015,A.J. Cann,SOUTH CAROLINA,OG,6.7
2015,Malcom Brown,TEXAS,DT,6.7
2015,Vic Beasley,CLEMSON,OLB,6.7
2015,Cedric Ogbuehi,TEXAS A&M,OT,6.4
2015,Ereck Flowers,MIAMI,OT,6.4
2015,Bud Dupree,KENTUCKY,OLB,6.4
2015,Michael Bennett,OHIO ST.,DT,6.4
2015,Jay Ajayi,BOISE ST.,RB,6.4
2015,Ameer Abdullah,NEBRASKA,RB,6.4
2015,Jaelen Strong,ARIZONA STATE,WR,6.3
2015,Quinten Rollins,MIAMI (OH),CB,6.3
2015,Breshad Perriman,CENTRAL FLORIDA,WR,6.3
2015,Nate Orchard,UTAH,DE,6.3
2015,Hau'Oli Kikaha,WASHINGTON,OLB,6.3
2015,Kevin Johnson,WAKE FOREST,CB,6.3
2015,Duke Johnson,MIAMI,RB,6.3
2015,D.J. Humphries,FLORIDA,OT,6.3
2015,Eli Harold,VIRGINIA,OLB,6.3
2015,Carl Davis,IOWA,DT,6.3
2015,T.J. Yeldon,ALABAMA,RB,6.2
2015,Gabe Wright,AUBURN,DT,6.2
2015,Maxx Williams,MINNESOTA,TE,6.2
2015,Clive Walford,MIAMI,TE,6.2
2015,Devin Smith,OHIO ST.,WR,6.2
2015,Derron Smith,FRESNO ST.,FS,6.2
2015,Bobby Richardson,INDIANA,DT,6.2
2015,Marcus Peters,WASHINGTON,CB,6.2
2015,Denzel Perryman,MIAMI,ILB,6.2
2015,Owa Odighizuwa,UCLA,DE,6.2
2015,Vince Mayle,WASHINGTON ST.,WR,6.2
2015,Lorenzo Mauldin,LOUISVILLE,OLB,6.2
2015,Eric Kendricks,UCLA,ILB,6.2
2015,Grady Jarrett,CLEMSON,NT,6.2
2015,Tre Jackson,FLORIDA ST.,OG,6.2
2015,Danielle Hunter,LSU,DE,6.2
2015,Rob Havenstein,WISCONSIN,OT,6.2
2015,Jarvis Harrison,TEXAS A&M,OG,6.2
2015,Rashad Greene,FLORIDA ST.,WR,6.2
2015,Dorial Green-Beckham,MISSOURI,WR,6.2
2015,Hroniss Grasu,OREGON,C,6.2
2015,Senquez Golson,MISSISSIPPI,CB,6.2
2015,Jake Fisher,OREGON,OT,6.2
2015,Cameron Erving,FLORIDA ST.,C,6.2
2015,Lorenzo Doss,TULANE,CB,6.2
2015,Phillip Dorsett,MIAMI,WR,6.2
2015,Ronald Darby,FLORIDA ST.,CB,6.2
2015,Daryl Williams,OKLAHOMA,OT,6.1
2015,Laken Tomlinson,DUKE,OG,6.1
2015,Jaquiski Tartt,SAMFORD,SS,6.1
2015,Preston Smith,MISSISSIPPI ST.,DE,6.1
2015,D'Joun Smith,FLORIDA ATLANTIC,CB,6.1
2015,Ty Sambrailo,COLORADO ST.,OT,6.1
2015,Thomas Rawls,CENTRAL MICHIGAN,RB,6.1
2015,Ty Montgomery,STANFORD,WR,6.1
2015,John Miller,LOUISVILLE,OG,6.1
2015,Josue Matias,FLORIDA ST.,OG,6.1
2015,Shaq Mason,GEORGIA TECH,OG,6.1
2015,Tyler Lockett,KANSAS ST.,WR,6.1
2015,Brett Hundley,UCLA,QB,6.1
2015,Anthony Harris,VIRGINIA,SS,6.1
2015,Marcus Hardison,ARIZONA STATE,DE,6.1
2015,Andy Gallik,BOSTON COLLEGE,C,6.1
2015,Charles Gaines,LOUISVILLE,CB,6.1
2015,Devin Funchess,MICHIGAN,WR,6.1
2015,Trey Flowers,ARKANSAS,DE,6.1
2015,B.J. Finney,KANSAS ST.,C,6.1
2015,Kyle Emanuel,NORTH DAKOTA ST.,OLB,6.1
2015,Ifo Ekpre-Olomu,OREGON,CB,6.1
2015,Mario Edwards,FLORIDA ST.,DT,6.1
2015,Stefon Diggs,MARYLAND,WR,6.1
2015,Sammie Coates,AUBURN,WR,6.1
2015,Alex Carter,STANFORD,CB,6.1
2015,Henry Anderson,STANFORD,DE,6.1
2015,Nelson Agholor,USC,WR,6.1
2015,Ramik Wilson,GEORGIA,ILB,5.9
2015,L.T. Walton,CENTRAL MICHIGAN,DT,5.9
2015,Darren Waller,GEORGIA TECH,WR,5.9
2015,Max Valles,VIRGINIA,OLB,5.9
2015,Tyrus Thompson,OKLAHOMA,OT,5.9
2015,J.R. Tavai,USC,OLB,5.9
2015,Za'Darius Smith,KENTUCKY,DE,5.9
2015,Deandre Smelter,GEORGIA TECH,WR,5.9
2015,Jacorey Shepherd,KANSAS,CB,5.9
2015,Josh Shaw,USC,CB,5.9
2015,Eric Rowe,UTAH,FS,5.9
2015,Cody Riggs,NOTRE DAME,CB,5.9
2015,Damarious Randall,ARIZONA STATE,FS,5.9
2015,Hayes Pullard,USC,ILB,5.9
2015,Jeremiah Poutasi,UTAH,OG,5.9
2015,Darius Philon,ARKANSAS,DT,5.9
2015,David Parry,STANFORD,NT,5.9
2015,Nick O'Leary,FLORIDA ST.,TE,5.9
2015,Steven Nelson,OREGON ST.,CB,5.9
2015,Ali Marpet,HOBART & WILLIAM SMITH,C,5.9
2015,Greg Mancz,TOLEDO,C,5.9
2015,Craig Mager,TEXAS ST.,CB,5.9
2015,Tony Lippett,MICHIGAN ST.,WR,5.9
2015,Tyler Kroft,RUTGERS,TE,5.9
2015,Ben Koyack,NOTRE DAME,TE,5.9
2015,Taiwan Jones,MICHIGAN ST.,ILB,5.9
2015,A.J. Johnson,TENNESSEE,ILB,5.9
2015,Gerod Holliman,LOUISVILLE,FS,5.9
2015,Troy Hill,OREGON,CB,5.9
2015,Jordan Hicks,TEXAS,OLB,5.9
2015,Jeff Heuerman,OHIO ST.,TE,5.9
2015,Josh Harper,FRESNO ST.,WR,5.9
2015,Justin Hardy,EAST CAROLINA,WR,5.9
2015,Ladarius Gunter,MIAMI,CB,5.9
2015,Geneo Grissom,OKLAHOMA,DE,5.9
2015,Garrett Grayson,COLORADO ST.,QB,5.9
2015,Antwan Goodley,BAYLOR,WR,5.9
2015,Markus Golden,MISSOURI,DE,5.9
2015,Mark Glowinski,WEST VIRGINIA,OG,5.9
2015,Kurtis Drummond,MICHIGAN ST.,FS,5.9
2015,Andrew Donnal,IOWA,OT,5.9
2015,Tyeler Davison,FRESNO ST.,DT,5.9
2015,Titus Davis,CENTRAL MICHIGAN,WR,5.9
2015,Mike Davis,SOUTH CAROLINA,RB,5.9
2015,Jamison Crowder,DUKE,WR,5.9
2015,Rob Crisp,N.C. STATE,OT,5.9
2015,Christian Covington,RICE,DT,5.9
2015,Xavier Cooper,WASHINGTON ST.,DT,5.9
2015,Chris Conley,GEORGIA,WR,5.9
2015,David Cobb,MINNESOTA,RB,5.9
2015,Imoan Claiborne,NORTHWESTERN ST. (LA),CB,5.9
2015,Kenny Bell,NEBRASKA,WR,5.9
2015,Cameron Artis-Payne,AUBURN,RB,5.9
2015,Stephone Anthony,CLEMSON,ILB,5.9
2015,Rory Anderson,SOUTH CAROLINA,TE,5.9
2015,Dres Anderson,UTAH,WR,5.9
2015,Adrian Amos,PENN ST.,FS,5.9
2015,Kwon Alexander,LSU,OLB,5.9
2015,Zach Zenner,SOUTH DAKOTA ST.,RB,5.8
2015,Trey Williams,TEXAS A&M,RB,5.8
2015,Karlos Williams,FLORIDA ST.,RB,5.8
2015,Kevin White,TCU,CB,5.8
2015,C.J. Uzomah,AUBURN,TE,5.8
2015,Davis Tull,TENNESSEE-CHATTANOOGA,OLB,5.8
2015,Louis Trinca-Pasat,IOWA,DT,5.8
2015,Damian Swann,GEORGIA,CB,5.8
2015,Martrell Spaight,ARKANSAS,OLB,5.8
2015,Donovan Smith,PENN ST.,OG,5.8
2015,Jean Sifrin,MASSACHUSETTS,TE,5.8
2015,Austin Shepherd,ALABAMA,OT,5.8
2015,Jake Ryan,MICHIGAN,OLB,5.8
2015,Corey Robinson,SOUTH CAROLINA,OT,5.8
2015,Darryl Roberts,MARSHALL,CB,5.8
2015,Jordan Richards,STANFORD,SS,5.8
2015,Cedric Reed,TEXAS,DE,5.8
2015,Cody Prewitt,MISSISSIPPI,FS,5.8
2015,Bryce Petty,BAYLOR,QB,5.8
2015,Garry Peters,CLEMSON,CB,5.8
2015,Leon Orr,FLORIDA,DT,5.8
2016,Stephen Weatherly,VANDERBILT,OLB,5.8
2016,Vincent Valentine,NEBRASKA,DT,5.8
2016,Ron Thompson,SYRACUSE,DE,5.8
2016,Charles Tapper,OKLAHOMA,DE,5.8
2016,Nate Sudfeld,INDIANA,QB,5.8
2016,Matt Skura,DUKE,C,5.8
2016,Brandon Shell,SOUTH CAROLINA,OT,5.8
2016,Jake Rudock,MICHIGAN,QB,5.8
2016,D.J. Reader,CLEMSON,NT,5.8
2016,Will Parks,ARIZONA,S,5.8
2016,Victor Ochi,STONY BROOK,DE,5.8
2016,Dadi Nicolas,VIRGINIA TECH,DE,5.8
2016,Eric Murray,MINNESOTA,CB,5.8
2016,Kyle Murphy,STANFORD,OT,5.8
2016,Chris Moore,CINCINNATI,WR,5.8
2016,Malcolm Mitchell,GEORGIA,WR,5.8
2016,Paul Mcroberts,SOUTHEAST MISSOURI ST.,WR,5.8
2016,Jake Mcgee,FLORIDA,TE,5.8
2016,Alex Mccalister,FLORIDA,DE,5.8
2016,K.J. Maye,MINNESOTA,WR,5.8
2016,Tyler Matakevich,TEMPLE,OLB,5.8
2016,Blake Martinez,STANFORD,ILB,5.8
2016,Keith Marshall,GEORGIA,RB,5.8
2016,Luther Maddy,VIRGINIA TECH,DT,5.8
2016,Dean Lowry,NORTHWESTERN,DE,5.8
2016,Steve Longa,RUTGERS,OLB,5.8
2016,Nile Lawrence-Stample,FLORIDA ST.,DT,5.8
2016,Henry Krieger-Coble,IOWA,TE,5.8
2016,Ufomba Kamalu,MIAMI,DE,5.8
2016,Matt Judon,GRAND VALLEY ST.,DE,5.8
2016,Jonathan Jones,AUBURN,CB,5.8
2016,Devon Johnson,MARSHALL,RB,5.8
2016,Cory Johnson,KENTUCKY,DT,5.8
2016,Dominick Jackson,ALABAMA,OG,5.8
2016,Javon Hargrave,SOUTH CAROLINA ST.,DT,5.8
2016,Joe Haeg,NORTH DAKOTA ST.,OT,5.8
2016,Josh Forrest,KENTUCKY,ILB,5.8
2016,Josh Ferguson,ILLINOIS,RB,5.8
2016,Chase Farris,OHIO ST.,OG,5.8
2016,Jason Fanaika,UTAH,DE,5.8
2016,Spencer Drango,BAYLOR,OG,5.8
2016,K.J. Dillon,WEST VIRGINIA,S,5.8
2016,Marshaun Coprich,ILLINOIS ST.,RB,5.8
2016,Marqui Christian,MIDWESTERN ST.,SS,5.8
2016,Kyle Carter,PENN ST.,TE,5.8
2016,Tra Carson,TEXAS A&M,RB,5.8
2016,Leonte Carroo,RUTGERS,WR,5.8
2016,Maurice Canady,VIRGINIA,CB,5.8
2016,De'Vondre Campbell,MINNESOTA,OLB,5.8
2016,Kevin Byard,MIDDLE TENNESSEE ST.,S,5.8
2016,Deon Bush,MIAMI,S,5.8
2016,Beniquez Brown,MISSISSIPPI ST.,OLB,5.8
2016,Ben Braunecker,HARVARD,TE,5.8
2016,Austin Blythe,IOWA,C,5.8
2016,Tavon Young,TEMPLE,CB,5.6
2016,Derek Watt,WISCONSIN,FB,5.6
2016,Dwayne Washington,WASHINGTON,RB,5.6
2016,Lawrence Thomas,MICHIGAN ST.,DT,5.6
2016,John Theus,GEORGIA,OT,5.6
2016,Ryan Smith,NORTH CAROLINA CENTRAL,CB,5.6
2016,Wendell Smallwood,WEST VIRGINIA,RB,5.6
2016,Pearce Slater,SAN DIEGO ST.,OT,5.6
2016,Elijah Shumate,NOTRE DAME,S,5.6
2016,Kevon Seymour,USC,CB,5.6
2016,Alonzo Russell,TOLEDO,WR,5.6
2016,Kalan Reed,SOUTHERN MISS,CB,5.6
2016,Jimmy Pruitt,SAN JOSE ST.,CB,5.6
2016,D.J. Pettway,ALABAMA,DE,5.6
2016,Kevin Peterson,OKLAHOMA ST.,CB,5.6
2016,Gionni Paul,UTAH,OLB,5.6
2016,Drew Ott,IOWA,DE,5.6
2016,Nick O'Toole,WEST VIRGINIA,P,5.6
2016,Stephane Nembot,COLORADO,OT,5.6
2016,David Morgan,TEXAS-SAN ANTONIO,TE,5.6
2016,Cassanova Mckinzy,AUBURN,ILB,5.6
2016,Ross Martin,DUKE,K,5.6
2016,Byron Marshall,OREGON,WR,5.6
2016,Ryan Malleck,VIRGINIA TECH,TE,5.6
2016,Curt Maggitt,TENNESSEE,OLB,5.6
2016,Jordan Lucas,PENN ST.,SS,5.6
2016,Ricardo Louis,AUBURN,WR,5.6
2016,Alex Lewis,NEBRASKA,OT,5.6
2016,Nick Kwiatkoski,WEST VIRGINIA,ILB,5.6
2016,Raphael Kirby,MIAMI,ILB,5.6
2016,Derrick Kindred,TCU,FS,5.6
2016,Nila Kasitati,OKLAHOMA,OG,5.6
2016,Ted Karras,ILLINOIS,OG,5.6
2016,Quinton Jefferson,MARYLAND,DT,5.6
2016,Andy Janovich,NEBRASKA,FB,5.6
2016,Prince Charles Iworah,WESTERN KENTUCKY,CB,5.6
2016,Tyrone Holmes,MONTANA,OLB,5.6
2016,Joel Heath,MICHIGAN ST.,DT,5.6
2016,Darien Harris,MICHIGAN ST.,OLB,5.6
2016,Tom Hackett,UTAH,P,5.6
2016,Keyarris Garrett,TULSA,WR,5.6
2016,Kris Frost,AUBURN,OLB,5.6
2016,D.J. Foster,ARIZONA STATE,WR,5.6
2016,Travis Feeney,WASHINGTON,OLB,5.6
2016,Tyler Ervin,SAN JOSE ST.,RB,5.6
2016,Jeff Driskel,LOUISIANA TECH,QB,5.6
2016,Brandon Doughty,WESTERN KENTUCKY,QB,5.6
2016,David Dean,VIRGINIA,DT,5.6
2016,Steven Daniels,BOSTON COLLEGE,ILB,5.6
2016,Tevin Carter,UTAH,SS,5.6
2016,Chris Brown,NOTRE DAME,WR,5.6
2016,Devante Bond,OKLAHOMA,OLB,5.6
2016,Caleb Benenoch,UCLA,OT,5.6
2016,Trevor Bates,MAINE,LB,5.6
2016,Peyton Barber,AUBURN,RB,5.6
2016,Sterling Bailey,GEORGIA,DE,5.6
2016,Demarcus Ayers,HOUSTON,WR,5.6
2016,Antwaun Woods,USC,DT,5.5
2016,Jordan Walsh,IOWA,OG,5.5
2016,Joe Walker,OREGON,ILB,5.5
2016,Cole Toner,HARVARD,OT,5.5
2016,Joe Thuney,N.C. STATE,OG,5.5
2016,Vi Teofilo,ARIZONA STATE,OG,5.5
2016,Joel Stave,WISCONSIN,QB,5.5
2016,Elandon Roberts,HOUSTON,ILB,5.5
2016,Alex Redmond,UCLA,OG,5.5
2016,Jordan Payton,UCLA,WR,5.5
2016,Jeff Overbaugh,SAN DIEGO ST.,LS,5.5
2016,Mekale Mckay,CINCINNATI,WR,5.5
2016,Lene Maiava,ARIZONA,OG,5.5
2016,Tre Madden,USC,RB,5.5
2016,Kolby Listenbee,TCU,WR,5.5
2016,Cre'Von Leblanc,FLORIDA ATLANTIC,CB,5.5
2016,Daniel Lasco,CALIFORNIA,RB,5.5
2016,Denver Kirkland,ARKANSAS,OT,5.5
2016,C.J. Johnson,MISSISSIPPI,ILB,5.5
2016,Cory James,COLORADO ST.,OLB,5.5
2016,Kevin Hogan,STANFORD,QB,5.5
2016,Quayvon Hicks,GEORGIA,FB,5.5
2016,Marcus Henry,BOISE ST.,C,5.5
2016,Temarrick Hemingway,SOUTH CAROLINA ST.,TE,5.5
2016,De'Vante Harris,TEXAS A&M,CB,5.5
2016,Kamu Grugier-Hill,EASTERN ILLINOIS,OLB,5.5
2016,Glenn Gronkowski,KANSAS ST.,FB,5.5
2016,Rico Gathers,BAYLOR,TE,5.5
2016,Lamichael Fanning,JACKSONVILLE ST.,DE,5.5
2016,Ken Crawley,COLORADO,CB,5.5
2016,Brad Craddock,MARYLAND,K,5.5
2016,Blake Countess,AUBURN,CB,5.5
2016,Fahn Cooper,MISSISSIPPI,OT,5.5
2016,Joseph Cheek,TEXAS A&M,OG,5.5
2016,James Burgess,LOUISVILLE,ILB,5.5
2016,Trevone Boykin,TCU,QB,5.5
2016,V'Angelo Bentley,ILLINOIS,CB,5.5
2016,Stephen Anderson,CALIFORNIA,TE,5.5
2016,Mehdi Abdesmad,BOSTON COLLEGE,DE,5.5
2016,Jonathan Woodard,CENTRAL ARKANSAS,DE,5.4
2016,Brandon Wilds,SOUTH CAROLINA,RB,5.4
2016,Deandre Washington,TEXAS TECH,RB,5.4
2016,Mike Thomas,SOUTHERN MISS,WR,5.4
2016,Chris Swain,NAVY,FB,5.4
2016,Delvon Simmons,USC,DE,5.4
2016,Devaunte Sigler,JACKSONVILLE ST.,DT,5.4
2016,Rashawn Scott,MIAMI,WR,5.4
2016,Dominique Robertson,WEST GEORGIA,OT,5.4
2016,Keenan Reynolds,NAVY,RB,5.4
2016,Brian Poole,FLORIDA,CB,5.4
2016,Montese Overton,EAST CAROLINA,OLB,5.4
2016,Jaden Oberkrom,TCU,K,5.4
2016,Chris Mayes,GEORGIA,DT,5.4
2016,Keith Lumpkin,RUTGERS,OT,5.4
2016,Marquis Lucas,WEST VIRGINIA,OG,5.4
2016,Jordan Lomax,IOWA,FS,5.4
2016,Robert Kugler,PURDUE,C,5.4
2016,Nick Kelly,ARIZONA STATE,C,5.4
2016,Cayleb Jones,ARIZONA,WR,5.4
2016,Darius Jackson,EASTERN MICHIGAN,RB,5.4
2016,Darion Griswold,ARKANSAS STATE,TE,5.4
2016,David Grinnage,N.C. STATE,TE,5.4
2016,Aaron Green,TCU,RB,5.4
2016,Johnathan Gray,TEXAS,RB,5.4
2016,Dillon Gordon,LSU,TE,5.4
2016,Devin Fuller,UCLA,WR,5.4
2016,Clayton Fejedelem,ILLINOIS,S,5.4
2016,Parker Ehinger,CINCINNATI,OG,5.4
2016,Gerald Dixon,SOUTH CAROLINA,DT,5.4
2016,Seth Devalve,PRINCETON,TE,5.4
2016,Trevor Davis,CALIFORNIA,WR,5.4
2016,Cody Core,MISSISSIPPI,WR,5.4
2016,Trevon Coley,FLORIDA ATLANTIC,DT,5.4
2016,Lloyd Carrington,ARIZONA STATE,CB,5.4
2016,Mike Caputo,WISCONSIN,SS,5.4
2016,Taveze Calhoun,MISSISSIPPI ST.,CB,5.4
2016,Lamarcus Brutus,FLORIDA ST.,SS,5.4
2016,Zac Brooks,CLEMSON,RB,5.4
2016,Jake Brendel,UCLA,C,5.4
2016,James Bradberry,SAMFORD,CB,5.4
2016,Briean Boddy-Calhoun,MINNESOTA,CB,5.4
2016,Robby Anderson,TEMPLE,WR,5.4
2016,Vernon Adams,OREGON,QB,5.4
2016,Connor Wujciak,BOSTON COLLEGE,DT,5.1
2016,Josh Woodrum,LIBERTY,QB,5.1
2016,Danny Vitale,NORTHWESTERN,FB,5.1
2016,Halapoulivaati Vaitai,TCU,OT,5.1
2016,Soma Vainuku,USC,FB,5.1
2016,Shad Thornton,N.C. STATE,RB,5.1
2016,Laremy Tunsil,MISSISSIPPI,OT,7.5
2016,Myles Jack,UCLA,OLB,7.5
2016,Deforest Buckner,OREGON,DE,7.4
2016,Jaylon Smith,NOTRE DAME,OLB,7.3
2016,Ezekiel Elliott,OHIO ST.,RB,7.3
2016,Ronnie Stanley,NOTRE DAME,OT,7.0
2016,A'Shawn Robinson,ALABAMA,DT,7.0
2016,Jalen Ramsey,FLORIDA ST.,CB,7.0
2016,Reggie Ragland,ALABAMA,ILB,7.0
2016,Hunter Henry,ARKANSAS,TE,7.0
2016,Vernon Hargreaves Iii,FLORIDA,CB,7.0
2016,Jared Goff,CALIFORNIA,QB,7.0
2016,Leonard Floyd,GEORGIA,OLB,7.0
2016,Joey Bosa,OHIO ST.,DE,7.0
2016,Cody Whitehair,KANSAS ST.,OG,6.8
2016,Laquon Treadwell,MISSISSIPPI,WR,6.8
2016,Robert Nkemdiche,MISSISSIPPI,DT,6.8
2016,Paxton Lynch,MEMPHIS,QB,6.8
2016,Kevin Dodd,CLEMSON,DE,6.8
2016,Jack Conklin,MICHIGAN ST.,OT,6.8
2016,A.J. Stamps,KENTUCKY,FS,5.1
2016,Jordan Simone,ARIZONA STATE,S,5.1
2016,Jeff Seybold,PITTSBURG ST. (KS),RB,5.1
2016,Wes Schweitzer,SAN JOSE ST.,OG,5.1
2016,Steven Scheu,VANDERBILT,TE,5.1
2016,Anthony Sarao,USC,ILB,5.1
2016,Mike Rose,N.C. STATE,DE,5.1
2016,Shaquille Powell,DUKE,RB,5.1
2016,Romeo Okwara,NOTRE DAME,DE,5.1
2016,Marquez North,TENNESSEE,WR,5.1
2016,Giorgio Newberry,FLORIDA ST.,DE,5.1
2016,Liam Nadler,GANNON,QB,5.1
2016,Will Monday,DUKE,P,5.1
2016,Tyler Marz,WISCONSIN,OT,5.1
2016,John Lunsford,LIBERTY,K,5.1
2016,Devin Lucien,ARIZONA STATE,WR,5.1
2016,Antonio Longino,ARIZONA STATE,ILB,5.1
2016,Cory Littleton,WASHINGTON,OLB,5.1
2016,Roger Lewis,BOWLING GREEN,WR,5.1
2016,Jimmy Landes,BAYLOR,LS,5.1
2016,Marshall Koehn,IOWA,K,5.1
2016,Alex Kinal,WAKE FOREST,P,5.1
2016,Tyler Johnstone,OREGON,OT,5.1
2016,Paul James,RUTGERS,RB,5.1
2016,Branden Jackson,TEXAS TECH,DE,5.1
2016,Joey Hunt,TCU,C,5.1
2016,Alex Huettel,BOWLING GREEN,OG,5.1
2016,Johnny Holton,CINCINNATI,WR,5.1
2016,Tyreek Hill,WEST ALABAMA,WR,5.1
2016,Jake Ganus,GEORGIA,ILB,5.1
2016,Blake Frohnapfel,MASSACHUSETTS,QB,5.1
2016,Taylor Fallin,MEMPHIS,OT,5.1
2016,Deandre Elliott,COLORADO ST.,CB,5.1
2016,Lachlan Edwards,SAM HOUSTON ST.,P,5.1
2016,Riley Dixon,SYRACUSE,P,5.1
2016,Josh Dawson,GEORGIA,DE,5.1
2016,Jared Dangerfield,WESTERN KENTUCKY,WR,5.1
2016,Theiren Cockran,MINNESOTA,DE,5.1
2016,Donavon Clark,MICHIGAN ST.,OG,5.1
2016,Kivon Cartwright,COLORADO ST.,TE,5.1
2016,Ryan Brown,MISSISSIPPI ST.,DE,5.1
2016,Joe Bolden,MICHIGAN,ILB,5.1
2016,Jimmy Bean,OKLAHOMA ST.,DE,5.1
2016,Alex Balducci,OREGON,DT,5.1
2016,Ugonna Awuruonye,CAMPBELL,DE,5.1
2016,Geronimo Allison,ILLINOIS,WR,5.1
2016,Siaosi Aiono,UTAH,C,5.1
2016,Xavien Howard,BAYLOR,CB,0.0
2016,Andrew Billings,BAYLOR,NT,6.8
2016,Scooby Wright,ARIZONA,ILB,6.7
2016,Carson Wentz,NORTH DAKOTA ST.,QB,6.7
2016,Noah Spence,EASTERN KENTUCKY,DE,6.7
2016,Hassan Ridgeway,TEXAS,DT,6.7
2016,Jarran Reed,ALABAMA,DT,6.7
2016,Sheldon Rankins,LOUISVILLE,DT,6.7
2016,Emmanuel Ogbah,OKLAHOMA ST.,DE,6.7
2016,Darron Lee,OHIO ST.,OLB,6.7
2016,Shaq Lawson,CLEMSON,DE,6.7
2016,Chris Jones,MISSISSIPPI ST.,DT,6.7
2016,Jordan Howard,INDIANA,RB,6.7
2016,Willie Henry,MICHIGAN,DT,6.7
2016,Derrick Henry,ALABAMA,RB,6.7
2016,Will Fuller,NOTRE DAME,WR,6.7
2016,Su'A Cravens,USC,OLB,6.7
2016,Corey Coleman,BAYLOR,WR,6.7
2016,Le'Raven Clark,TEXAS TECH,OT,6.7
2016,Vernon Butler,LOUISIANA TECH,DT,6.7
2016,Jonathan Bullard,FLORIDA,DT,6.7
2016,Mackensie Alexander,CLEMSON,CB,6.7
2016,Austin Johnson,PENN ST.,NT,6.4
2016,Jordan Jenkins,GEORGIA,OLB,6.4
2016,Kyler Fackrell,UTAH ST.,OLB,6.4
2016,Tyler Boyd,PITTSBURGH,WR,6.4
2016,Michael Thomas,OHIO ST.,WR,6.3
2016,Rashard Robinson,LSU,CB,6.3
2016,Charone Peake,CLEMSON,WR,6.3
2016,Keanu Neal,FLORIDA,SS,6.3
2016,Ryan Kelly,ALABAMA,C,6.3
2016,Germain Ifedi,TEXAS A&M,OG,6.3
2016,Joshua Garnett,STANFORD,OG,6.3
2016,Josh Doctson,TCU,WR,6.3
2016,Taylor Decker,OHIO ST.,OT,6.3
2016,Connor Cook,MICHIGAN ST.,QB,6.3
2016,Shon Coleman,AUBURN,OT,6.3
2016,Kenny Clark,UCLA,NT,6.3
2016,Kentrell Brothers,MISSOURI,OLB,6.3
2016,Christian Westerman,ARIZONA STATE,OG,6.2
2016,Nick Vannett,OHIO ST.,TE,6.2
2016,Landon Turner,NORTH CAROLINA,OG,6.2
2016,Sterling Shepard,OKLAHOMA,WR,6.2
2016,Demarcus Robinson,FLORIDA,WR,6.2
2016,Paul Perkins,UCLA,RB,6.2
2016,Rees Odhiambo,BOISE ST.,OG,6.2
2016,Harlan Miller,SOUTHEASTERN LOUISIANA,CB,6.2
2016,Nick Martin,NOTRE DAME,OG,6.2
2016,Miles Killebrew,SOUTHERN UTAH,SS,6.2
2016,Karl Joseph,WEST VIRGINIA,S,6.2
2016,William Jackson,HOUSTON,CB,6.2
2016,Austin Hooper,STANFORD,TE,6.2
2016,Thomas Duarte,UCLA,TE,6.2
2016,Kenneth Dixon,LOUISIANA TECH,RB,6.2
2016,Pharoh Cooper,SOUTH CAROLINA,WR,6.2
2016,Alex Collins,ARKANSAS,RB,6.2
2016,Jeremy Cash,DUKE,SS,6.2
2016,Shilique Calhoun,MICHIGAN ST.,DE,6.2
2016,Artie Burns,MIAMI,CB,6.2
2016,Devontae Booker,UTAH,RB,6.2
2016,Vonn Bell,OHIO ST.,FS,6.2
2016,Eli Apple,OHIO ST.,CB,6.2
2016,Jonathan Williams,ARKANSAS,RB,6.1
2016,D.J. White,GEORGIA TECH,CB,6.1
2016,Adolphus Washington,OHIO ST.,DT,6.1
2016,Jihad Ward,ILLINOIS,DE,6.1
2016,Max Tuerk,USC,C,6.1
2016,Darian Thompson,BOISE ST.,S,6.1
2016,Jason Spriggs,INDIANA,OT,6.1
2016,Zack Sanchez,OKLAHOMA,CB,6.1
2016,Keivarae Russell,NOTRE DAME,CB,6.1
2016,Will Redmond,MISSISSIPPI ST.,CB,6.1
2016,C.J. Prosise,NOTRE DAME,RB,6.1
2016,Shawn Oakman,BAYLOR,DE,6.1
2016,Carl Nassib,PENN ST.,DE,6.1
2016,Braxton Miller,OHIO ST.,WR,6.1
2016,Bronson Kaufusi,BYU,DE,6.1
2016,Deion Jones,LSU,OLB,6.1
2016,Matthew Ioannidis,TEMPLE,DT,6.1
2016,Deandre Houston-Carson,WILLIAM & MARY,FS,6.1
2016,Tyler Higbee,WESTERN KENTUCKY,TE,6.1
2016,Jerald Hawkins,LSU,OT,6.1
2016,Christian Hackenberg,PENN ST.,QB,6.1
2016,Darrell Greene,SAN DIEGO ST.,OG,6.1
2016,Adam Gotsis,GEORGIA TECH,DT,6.1
2016,Graham Glasgow,MICHIGAN,C,6.1
2016,Kendall Fuller,VIRGINIA TECH,CB,6.1
2016,Sheldon Day,NOTRE DAME,DT,6.1
2016,Kamalei Correa,BOISE ST.,DE,6.1
2016,Maliek Collins,NEBRASKA,DT,6.1
2016,Jatavis Brown,AKRON,OLB,6.1
2016,Jacoby Brissett,N.C. STATE,QB,6.1
2016,Ronald Blair,APPALACHIAN ST.,DE,6.1
2016,Jack Allen,MICHIGAN ST.,C,6.1
2016,Dominique Alexander,OKLAHOMA,ILB,6.1
2016,Roberto Aguayo,FLORIDA ST.,K,6.1
2016,Daryl Worley,WEST VIRGINIA,CB,5.9
2016,De'Runnya Wilson,MISSISSIPPI ST.,WR,5.9
2016,Duke Williams,AUBURN,WR,5.9
2016,Cleveland Wallace,SAN JOSE ST.,CB,5.9
2016,Aaron Wallace,UCLA,OLB,5.9
2016,Nick Vigil,UTAH ST.,ILB,5.9
2016,Sebastian Tretola,ARKANSAS,OG,5.9
2016,Kelvin Taylor,FLORIDA,RB,5.9
2016,Eric Striker,OKLAHOMA,OLB,5.9
2016,Nelson Spruce,COLORADO,WR,5.9
2016,Terrance Smith,FLORIDA ST.,ILB,5.9
2016,Leshaun Sims,SOUTHERN UTAH,CB,5.9
2016,Justin Simmons,BOSTON COLLEGE,FS,5.9
2016,Tajae Sharpe,MASSACHUSETTS,WR,5.9
2016,Hunter Sharp,UTAH ST.,WR,5.9
2016,Isaac Seumalo,OREGON ST.,OG,5.9
2016,Joe Schobert,WISCONSIN,OLB,5.9
2016,Beau Sandland,MONTANA ST.,TE,5.9
2016,Dak Prescott,MISSISSIPPI ST.,QB,5.9
2016,Tyvis Powell,OHIO ST.,FS,5.9
2016,Joshua Perry,OHIO ST.,ILB,5.9
2016,David Onyemata,MANITOBA (CANADA),DT,5.9
2016,Jared Norris,UTAH,ILB,5.9
2016,Yannick Ngakoue,MARYLAND,DE,5.9
2016,Antonio Morrison,FLORIDA,ILB,5.9
2016,Jalen Mills,LSU,FS,5.9
2016,Connor Mcgovern,MISSOURI,OG,5.9
2016,Jalin Marshall,OHIO ST.,WR,5.9
2016,Jay Lee,BAYLOR,WR,5.9
2016,Kenny Lawler,CALIFORNIA,WR,5.9
2016,Darius Latham,INDIANA,DT,5.9
2016,Cody Kessler,USC,QB,5.9
2016,Jayron Kearse,CLEMSON,S,5.9
2016,Drew Kaser,TEXAS A&M,P,5.9
2016,Cyrus Jones,ALABAMA,CB,5.9
2016,Cardale Jones,OHIO ST.,QB,5.9
2016,Rashard Higgins,COLORADO ST.,WR,5.9
2016,Deiondre' Hall,NORTHERN IOWA,CB,5.9
2016,T.J. Green,CLEMSON,FS,5.9
2016,Jakeem Grant,TEXAS TECH,WR,5.9
2016,B.J. Goodson,CLEMSON,OLB,5.9
2016,Kavon Frazier,CENTRAL MICHIGAN,SS,5.9
2016,Ka'Imi Fairbairn,UCLA,K,5.9
2016,Kenyan Drake,ALABAMA,RB,5.9
2016,Sean Davis,MARYLAND,CB,5.9
2016,Joe Dahl,WASHINGTON ST.,OG,5.9
2016,James Cowser,SOUTHERN UTAH,DE,5.9
2016,Jake Coker,ALABAMA,QB,5.9
2016,Devon Cajuste,STANFORD,WR,5.9
2016,Juston Burris,N.C. STATE,CB,5.9
2016,Aaron Burbridge,MICHIGAN ST.,WR,5.9
2016,Anthony Brown,PURDUE,CB,5.9
2016,Daniel Braverman,WESTERN MICHIGAN,WR,5.9
2016,Evan Boehm,MISSOURI,C,5.9
2016,Willie Beavers,WESTERN MICHIGAN,OT,5.9
2016,Brandon Allen,ARKANSAS,QB,5.9
2016,Vadal Alexander,LSU,OG,5.9
2016,Bralon Addison,OREGON,WR,5.9
2016,Jerell Adams,SOUTH CAROLINA,TE,5.9
2016,Anthony Zettel,PENN ST.,DT,5.8
2016,Avery Young,AUBURN,OT,5.8
2016,Bryce Williams,EAST CAROLINA,TE,5.8
2016,Antwione Williams,GEORGIA SOUTHERN,LB,5.8
2016,Brandon Williams,TEXAS A&M,CB,5.8
2017,Kenny Golladay,NORTHERN ILLINOIS,WR,5.9
2017,Davon Godchaux,LSU,DT,5.9
2017,Ryan Glasgow,MICHIGAN,DT,5.9
2017,Avery Gennesy,TEXAS A&M,OT,5.9
2017,Wayne Gallman,CLEMSON,RB,5.9
2017,Devonte' Fields,LOUISVILLE,OLB,5.9
2017,Jordan Evans,OKLAHOMA,LB,5.9
2017,Jermaine Eluemunor,TEXAS A&M,OL,5.9
2017,Corn Elder,MIAMI,CB,5.9
2017,Malachi Dupre,LSU,WR,5.9
2017,Dylan Donahue,WEST GEORGIA,DL,5.9
2017,Matt Dayes,N.C. STATE,RB,5.9
2017,Robert Davis,GEORGIA STATE,WR,5.9
2017,Bryan Cox,FLORIDA,DE,5.9
2017,James Conner,PITTSBURGH,RB,5.9
2017,Aviante Collins,TCU,OT,5.9
2017,Stacy Coley,MIAMI,WR,5.9
2017,Tarik Cohen,NORTH CAROLINA A&T,RB,5.9
2017,Jehu Chesson,MICHIGAN,WR,5.9
2017,Josh Carraway,TCU,DE,5.9
2017,Rodney Adams,SOUTH FLORIDA,WR,5.9
2017,Keion Adams,WESTERN MICHIGAN,OLB,5.9
2017,Ishmael Zamora,BAYLOR,WR,5.8
2017,Brandon Wilson,HOUSTON,RB,5.8
2017,Marquez Williams,MIAMI,FB,5.8
2017,Jamaal Williams,BYU,RB,5.8
2017,Marquez White,FLORIDA ST.,CB,5.8
2017,Chad Wheeler,USC,C,5.8
2017,Davis Webb,CALIFORNIA,QB,5.8
2017,Jylan Ware,ALABAMA ST.,OT,5.8
2017,Damarius Travis,MINNESOTA,S,5.8
2017,Ryan Switzer,NORTH CAROLINA,WR,5.8
2017,Channing Stribling,MICHIGAN,CB,5.8
2017,Jamari Staples,LOUISVILLE,WR,5.8
2017,Garrett Sickels,PENN ST.,DE,5.8
2017,Justin Senior,MISSISSIPPI ST.,OT,5.8
2017,Brad Seaton,VILLANOVA,OT,5.8
2017,Darreus Rogers,USC,WR,5.8
2017,Austin Rehkow,IDAHO,P,5.8
2017,Donnel Pumphrey,SAN DIEGO ST.,RB,5.8
2017,Hayden Plinke,TEXAS-EL PASO,TE,5.8
2017,Dare Ogunbowale,WISCONSIN,RB,5.8
2017,Levon Myers,NORTHERN ILLINOIS,OT,5.8
2017,Al-Quadin Muhammad,MIAMI,DE,5.8
2017,Isaiah Mckenzie,GEORGIA,WR,5.8
2017,Josh Malone,TENNESSEE,WR,5.8
2017,T.J. Logan,NORTH CAROLINA,RB,5.8
2017,Marquel Lee,WAKE FOREST,LB,5.8
2017,Cameron Lee,ILLINOIS ST.,OG,5.8
2017,Blake Jarwin,OKLAHOMA ST.,TE,5.8
2017,Danny Isidora,MIAMI,G,5.8
2017,Lano Hill,MICHIGAN,SS,5.8
2017,Cole Hikutini,LOUISVILLE,TE,5.8
2017,De'Angelo Henderson Sr.,COASTAL CAROLINA,RB,5.8
2017,Tion Green,CINCINNATI,RB,5.8
2017,Zane Gonzalez,ARIZONA STATE,K,5.8
2017,Nate Gerry,NEBRASKA,S,5.8
2017,Kyle Fuller,BAYLOR,C,5.8
2017,Amba Etta-Tawo,SYRACUSE,WR,5.8
2017,Jake Eldrenkamp,WASHINGTON,OG,5.8
2017,Samson Ebukam,EASTERN WASHINGTON,OLB,5.8
2017,Jessamen Dunker,TENNESSEE ST.,G,5.8
2017,J.J Dielman,UTAH,C,5.8
2017,Julie'N Davenport,BUCKNELL,OT,5.8
2017,Corey Clement,WISCONSIN,RB,5.8
2017,Chuck Clark,VIRGINIA TECH,DB,5.8
2017,Chris Carson,OKLAHOMA ST.,RB,5.8
2017,Kd Cannon,BAYLOR,WR,5.8
2017,Christian Brown,WEST VIRGINIA,DT,5.8
2017,Tashawn Bower,LSU,DE,5.8
2017,Kendrick Bourne,EASTERN WASHINGTON,WR,5.8
2017,Deyshawn Bond,CINCINNATI,C,5.8
2017,Vince Biegel,WISCONSIN,OLB,5.8
2017,Erik Austell,CHARLESTON SOUTHERN,OT,5.8
2017,Quincy Adeboyejo,MISSISSIPPI,WR,5.8
2017,Joe Yearby,MIAMI,RB,5.6
2017,Xavier Woods,LOUISIANA TECH,S,5.6
2017,Chad Williams,GRAMBLING ST.,WR,5.6
2017,Tanner Vallejo,BOISE ST.,LB,5.6
2017,Jerry Ugokwe,WILLIAM & MARY,OT,5.6
2017,Josh Tupou,COLORADO,NT,5.6
2017,Noel Thomas,CONNECTICUT,WR,5.6
2017,Trent Taylor,LOUISIANA TECH,WR,5.6
2017,Pita Taumoepenu,UTAH,DL,5.6
2017,Grover Stewart,ALBANY ST. (GA),DT,5.6
2017,Fish Smithson,KANSAS,S,5.6
2017,Dan Skipper,ARKANSAS,OT,5.6
2017,Mason Schreck,BUFFALO,TE,5.6
2017,Sam Rogers,VIRGINIA TECH,FB,5.6
2017,Devine Redding,INDIANA,RB,5.6
2017,Aarion Penton,MISSOURI,CB,5.6
2017,Adam Pankey,WEST VIRGINIA,OG,5.6
2017,Scott Orndoff,PITTSBURGH,TE,5.6
2017,James Onwualu,NOTRE DAME,OLB,5.6
2017,Storm Norton,TOLEDO,OT,5.6
2017,Jalen Myrick,MINNESOTA,CB,5.6
2017,Drew Morgan,ARKANSAS,WR,5.6
2017,Charmeachealle Moore,KANSAS ST.,LB,5.6
2017,Taquan Mizzell,VIRGINIA,RB,5.6
2017,Elijah Mcguire,LOUISIANA-LAFAYETTE,RB,5.6
2017,Devante Mays,UTAH ST.,RB,5.6
2017,Jojo Mathis,WASHINGTON,OLB,5.6
2017,Gabe Marks,WASHINGTON ST.,WR,5.6
2017,Erik Magnuson,MICHIGAN,OG,5.6
2017,Corey Levin,TENNESSEE-CHATTANOOGA,OL,5.6
2017,Harvey Langi,BYU,DE,5.6
2017,Ashton Lampkin,OKLAHOMA ST.,CB,5.6
2017,Dieugot Joseph,FLORIDA INTERNATIONAL,OT,5.6
2017,Elijah Hood,NORTH CAROLINA,RB,5.6
2017,Joshua Holsey,AUBURN,CB,5.6
2017,Treyvon Hester,TOLEDO,DT,5.6
2017,Jon Heck,NORTH CAROLINA,OT,5.6
2017,Sean Harlow,OREGON ST.,OG,5.6
2017,Trey Griffey,ARIZONA,WR,5.6
2017,Ralph Green Iii,INDIANA,DT,5.6
2017,Evan Goodman,ARIZONA STATE,OG,5.6
2017,Ben Gedeon,MICHIGAN,ILB,5.6
2017,Rudy Ford,AUBURN,S,5.6
2017,Jake Elliott,MEMPHIS,K,5.6
2017,Joshua Dobbs,TENNESSEE,QB,5.6
2017,Treston Decoud,OREGON ST.,CB,5.6
2017,Darrell Daniels,WASHINGTON,TE,5.6
2017,Ethan Cooper,INDIANA (PA),OL,5.6
2017,Jeremy Clark,MICHIGAN,CB,5.6
2017,Jamal Carter,MIAMI,S,5.6
2017,Fadol Brown,MISSISSIPPI,DE,5.6
2017,Brandon Barnes,ALABAMA ST.,TE,5.6
2017,Jamal Agnew,SAN DIEGO,CB,5.6
2017,Bobo Wilson,FLORIDA ST.,WR,5.5
2017,Mike Tyson,CINCINNATI,S,5.5
2017,Alek Torgersen,PENNSYLVANIA,QB,5.5
2017,Jack Tocho,N.C. STATE,CB,5.5
2017,Jahad Thomas,TEMPLE,RB,5.5
2017,Freddie Stevenson,FLORIDA ST.,FB,5.5
2017,Jordan Sterns,OKLAHOMA ST.,SS,5.5
2017,Sojourn Shelton,WISCONSIN,CB,5.5
2017,Cooper Rush,CENTRAL MICHIGAN,QB,5.5
2017,James Quick,LOUISVILLE,WR,5.5
2017,Greg Pyke,GEORGIA,OG,5.5
2017,Lewis Neal,LSU,DE,5.5
2017,Khalfani Muhammad,CALIFORNIA,RB,5.5
2017,David Moore,EAST CENTRAL (OK),WR,5.5
2017,Conor Mcdermott,UCLA,OT,5.5
2017,Robert Leff,AUBURN,OT,5.5
2017,Jeremiah Ledbetter,ARKANSAS,DE,5.5
2017,Colin Holba,LOUISVILLE,LS,5.5
2017,Krishawn Hogan,MARIAN (IN),WR,5.5
2017,Ken Ekanem,VIRGINIA TECH,DL,5.5
2017,Hunter Dimick,UTAH,DE,5.5
2017,Keionta Davis,TENNESSEE-CHATTANOOGA,DE,5.5
2017,Justin Davis,USC,RB,5.5
2017,Chunky Clements,ILLINOIS,DT,5.5
2017,Jordan Carrell,COLORADO,DT,5.5
2017,Riley Bullough,MICHIGAN ST.,LB,5.5
2017,Jayon Brown,UCLA,LB,5.5
2017,Ben Boulware,CLEMSON,ILB,5.5
2017,C.J. Beathard,IOWA,QB,5.5
2017,Alex Armah,WEST GEORGIA,FB,5.5
2017,Deangelo Yancey,PURDUE,WR,5.4
2017,Stanley Williams,KENTUCKY,RB,5.4
2017,Kermit Whitfield,FLORIDA ST.,WR,5.4
2017,Jordan Westerkamp,NEBRASKA,WR,5.4
2017,Nick Weiler,NORTH CAROLINA,K,5.4
2017,Greg Ward,HOUSTON,WR,5.4
2017,Justin Vogel,MIAMI,P,5.4
2017,Bret Treadway,LAMAR,C,5.4
2017,Ahmad Thomas,OKLAHOMA,S,5.4
2017,Nate Theaker,WAYNE ST. (MI),OG,5.4
2017,Sam Tevi,UTAH,OT,5.4
2017,Zach Terrell,WESTERN MICHIGAN,QB,5.4
2017,Tony Stevens,AUBURN,WR,5.4
2017,De'Veon Smith,MICHIGAN,RB,5.4
2017,Karter Schult,NORTHERN IOWA,DE,5.4
2017,Joe Scelfo,N.C. STATE,C,5.4
2017,Fred Ross,MISSISSIPPI ST.,WR,5.4
2017,Michael Rector,STANFORD,WR,5.4
2017,Antonio Pipkin,TIFFIN,QB,5.4
2017,Zach Pascal,OLD DOMINION,WR,5.4
2017,Kenneth Olugbode,COLORADO,OLB,5.4
2017,Marcus Oliver,INDIANA,LB,5.4
2017,Speedy Noil,TEXAS A&M,WR,5.4
2017,Hardy Nickerson,ILLINOIS,LB,5.4
2017,Montae Nicholson,MICHIGAN ST.,S,5.4
2017,Calvin Munson,SAN DIEGO ST.,LB,5.4
2017,Taylor Mcnamara,USC,TE,5.4
2017,Arthur Maulet,MEMPHIS,DB,5.4
2017,I'Tavius Mathers,MIDDLE TENNESSEE ST.,RB,5.4
2017,Greg Mabin,IOWA,CB,5.4
2017,Keevan Lucas,TULSA,WR,5.4
2017,Shalom Luani,WASHINGTON ST.,S,5.4
2017,Javarius Leamon,SOUTH CAROLINA ST.,OL,5.4
2017,Jerome Lane,AKRON,WR,5.4
2017,Alex Kozan,AUBURN,OG,5.4
2017,Kyle Kalis,MICHIGAN,OG,5.4
2017,Derrick Jones,MISSISSIPPI,CB,5.4
2017,Cameron Johnston,OHIO ST.,P,5.4
2017,Zack Johnson,NORTH DAKOTA ST.,OG,5.4
2017,Hayden Hunt,COLORADO ST.,P,5.4
2017,Bug Howard,NORTH CAROLINA,WR,5.4
2017,Myles Garrett,TEXAS A&M,DE,7.5
2017,Leonard Fournette,LSU,RB,7.1
2017,Mitchell Trubisky,NORTH CAROLINA,QB,7.0
2017,Solomon Thomas,STANFORD,DE,7.0
2017,Marshon Lattimore,OHIO ST.,CB,7.0
2017,Sidney Jones,WASHINGTON,CB,7.0
2017,O.J. Howard,ALABAMA,TE,7.0
2017,Malik Hooker,OHIO ST.,S,7.0
2017,Dalvin Cook,FLORIDA ST.,RB,7.0
2017,Taco Charlton,MICHIGAN,DE,7.0
2017,Jonathan Allen,ALABAMA,DE,7.0
2017,Jamal Adams,LSU,S,7.0
2017,Mike Williams,CLEMSON,WR,6.8
2017,Deshaun Watson,CLEMSON,QB,6.8
2017,Haason Reddick,TEMPLE,DE,6.8
2017,David Njoku,MIAMI,TE,6.8
2017,Malik Mcdowell,MICHIGAN ST.,DT,6.8
2017,Reuben Foster,ALABAMA,LB,6.8
2017,Tim Williams,ALABAMA,DE,6.7
2017,Tre'Davious White,LSU,CB,6.7
2017,Karel Hamilton,SAMFORD,WR,5.4
2017,Derek Griffin,TEXAS SOUTHERN,WR,5.4
2017,Jermaine Grace,MIAMI,LB,5.4
2017,Darius English,SOUTH CAROLINA,OLB,5.4
2017,Brooks Ellis,ARKANSAS,ILB,5.4
2017,Kevin Davis,COLORADO ST.,LB,5.4
2017,Lucas Crowley,NORTH CAROLINA,C,5.4
2017,Adrian Colbert,MIAMI,DB,5.4
2017,Cethan Carter,NEBRASKA,TE,5.4
2017,Jason Carr,WEST GEORGIA,DT,5.4
2017,Austin Carr,NORTHWESTERN,WR,5.4
2017,Daniel Brunskill,SAN DIEGO ST.,OT,5.4
2017,Richie Brown,MISSISSIPPI ST.,LB,5.4
2017,Pharaoh Brown,OREGON,TE,5.4
2017,Deangelo Brown,LOUISVILLE,DT,5.4
2017,Billy Brown,SHEPHERD,WR,5.4
2017,Collin Bevins,NORTHWEST MISSOURI ST.,DE,5.4
2017,Toby Baker,ARKANSAS,P,5.4
2017,Gavin Andrews,OREGON ST.,OG,5.4
2017,Brian Allen,UTAH,DB,5.4
2017,Cameron Tom,SOUTHERN MISS,C,5.1
2017,Dymonte Thomas,MICHIGAN,S,5.1
2017,Steve Taylor,HOUSTON,ILB,5.1
2017,Tyvis Smith,NORTHERN IOWA,RB,5.1
2017,B.J. Singleton,HOUSTON,NT,5.1
2017,Victor Salako,OKLAHOMA ST.,OT,5.1
2017,Ezra Robinson,TENNESSEE ST.,CB,5.1
2017,Caleb Peterson,NORTH CAROLINA,OG,5.1
2017,Nick Mullens,SOUTHERN MISS,QB,5.1
2017,Anthony Mcmeans,NEW MEXICO ST.,C,5.1
2017,Paul Magloire,ARIZONA,LB,5.1
2017,Wes Lunt,ILLINOIS,QB,5.1
2017,Sefo Liufau,COLORADO,QB,5.1
2017,Mitch Leidner,MINNESOTA,QB,5.1
2017,Trevor Knight,TEXAS A&M,QB,5.1
2017,Andrew King,ARMY,LB,5.1
2017,Gunner Kiel,CINCINNATI,QB,5.1
2017,Keith Kelsey,LOUISVILLE,LB,5.1
2017,Cam Keizur,PORTLAND ST.,C,5.1
2017,Eric Keena,NORTH TEXAS,P,5.1
2017,Colin Jeter,LSU,TE,5.1
2017,Joey Ivie,FLORIDA,DT,5.1
2017,Tobijah Hughley,LOUISVILLE,C,5.1
2017,Deon Hollins,UCLA,OLB,5.1
2017,Jordan Herdman,SIMON FRASER,LB,5.1
2017,Matt Godin,MICHIGAN,DT,5.1
2017,Tyquwan Glass,FRESNO ST.,CB,5.1
2017,Gehrig Dieter,ALABAMA,WR,5.1
2017,Marcus Cox,APPALACHIAN ST.,RB,5.1
2017,Jamaal Clayborn,MISSISSIPPI ST.,C,5.1
2017,Johnny Caspers,STANFORD,C,5.1
2017,Ben Braden,MICHIGAN,OG,5.1
2017,Josh Augusta,MISSOURI,DT,5.1
2017,Kareem Are,FLORIDA ST.,OG,5.1
2017,Will Worth,NAVY,QB,0.0
2017,Brad Watson,WAKE FOREST,CB,0.0
2017,Conrad Ukropina,STANFORD,K,0.0
2017,Orion Stewart,BAYLOR,S,0.0
2017,Weston Steelhammer,AIR FORCE,S,0.0
2017,Ricky Seals-Jones,TEXAS A&M,WR,0.0
2017,Seth Russell,BAYLOR,QB,0.0
2017,Bradley Northnagel,CALIFORNIA,LS,0.0
2017,Leon Mcquay Iii,USC,S,0.0
2017,Deon-Tay Mcmanus,MARSHALL,WR,0.0
2017,Jonathan Mclaughlin,VIRGINIA TECH,OT,0.0
2017,Cole Mazza,ALABAMA,LS,0.0
2017,Javancy Jones,JACKSON ST.,DE,0.0
2017,Aaron Jones,TEXAS-EL PASO,RB,0.0
2017,Randall Goforth,UCLA,S,0.0
2017,Jerod Evans,VIRGINIA TECH,QB,0.0
2017,Ukeme Eligwe,GEORGIA SOUTHERN,LB,0.0
2017,Jeremy Cutrer,MIDDLE TENNESSEE ST.,CB,0.0
2017,Austin Calitro,VILLANOVA,LB,0.0
2017,Harrison Butker,GEORGIA TECH,K,0.0
2017,Tony Bridges,MISSISSIPPI,CB,0.0
2017,"Victor Bolden, Jr.",OREGON ST.,WR,0.0
2017,John Ross,WASHINGTON,WR,6.7
2017,Cam Robinson,ALABAMA,OT,6.7
2017,Ryan Ramczyk,WISCONSIN,OT,6.7
2017,Jabrill Peppers,MICHIGAN,LB,6.7
2017,Takkarist Mckinley,UCLA,DE,6.7
2017,Forrest Lamp,WESTERN KENTUCKY,OG,6.7
2017,Alvin Kamara,TENNESSEE,RB,6.7
2017,Marlon Humphrey,ALABAMA,CB,6.7
2017,Charles Harris,MISSOURI,DE,6.7
2017,Corey Davis,WESTERN MICHIGAN,WR,6.7
2017,Caleb Brantley,FLORIDA,DT,6.7
2017,Garett Bolles,UTAH,OT,6.7
2017,Derek Barnett,TENNESSEE,DE,6.7
2017,Teez Tabor,FLORIDA,CB,6.4
2017,Joe Mixon,OKLAHOMA,RB,6.4
2017,Christian Mccaffrey,STANFORD,RB,6.4
2017,Gerald Everett,SOUTH ALABAMA,TE,6.4
2017,Evan Engram,MISSISSIPPI,TE,6.4
2017,Jarrad Davis,FLORIDA,LB,6.4
2017,Zach Cunningham,VANDERBILT,LB,6.4
2017,Gareon Conley,OHIO ST.,CB,6.4
2017,Marcus Williams,UTAH,S,6.3
2017,Dede Westbrook,OKLAHOMA,WR,6.3
2017,T.J. Watt,WISCONSIN,LB,6.3
2017,Cordrea Tankersley,CLEMSON,CB,6.3
2017,Ardarius Stewart,ALABAMA,WR,6.3
2017,Juju Smith-Schuster,USC,WR,6.3
2017,Nathan Peterman,PITTSBURGH,QB,6.3
2017,Marcus Maye,FLORIDA,S,6.3
2017,Patrick Mahomes,TEXAS TECH,QB,6.3
2017,Deshone Kizer,NOTRE DAME,QB,6.3
2017,Josh Jones,N.C. STATE,S,6.3
2017,Dorian Johnson,PITTSBURGH,OG,6.3
2017,Adoree' Jackson,USC,CB,6.3
2017,Temuchin Hodges,VIRGINIA TECH,TE,6.3
2017,Justin Evans,TEXAS A&M,S,6.3
2017,Pat Elflein,OHIO ST.,C,6.3
2017,Rasul Douglas,WEST VIRGINIA,CB,6.3
2017,Dion Dawkins,TEMPLE,OG,6.3
2017,Jake Butt,MICHIGAN,TE,6.3
2017,Budda Baker,WASHINGTON,S,6.3
2017,Ryan Anderson,ALABAMA,OLB,6.3
2017,Chris Wormley,MICHIGAN,DE,6.2
2017,Ahkello Witherspoon,COLORADO,CB,6.2
2017,Quincy Wilson,FLORIDA,CB,6.2
2017,Jordan Willis,KANSAS ST.,DE,6.2
2017,Taywan Taylor,WESTERN KENTUCKY,WR,6.2
2017,Cameron Sutton,TENNESSEE,CB,6.2
2017,Jeremy Sprinkle,ARKANSAS,TE,6.2
2017,Adam Shaheen,ASHLAND,TE,6.2
2017,Curtis Samuel,OHIO ST.,WR,6.2
2017,Josh Reynolds,TEXAS A&M,WR,6.2
2017,Jake Replogle,PURDUE,DT,6.2
2017,Ethan Pocic,LSU,C,6.2
2017,Larry Ogunjobi,NORTH CAROLINA CHARLOTTE,DT,6.2
2017,Taylor Moton,WESTERN MICHIGAN,OG,6.2
2017,Obi Melifonwu,CONNECTICUT,S,6.2
2017,Jourdan Lewis,MICHIGAN,CB,6.2
2017,Carl Lawson,AUBURN,DE,6.2
2017,Cooper Kupp,EASTERN WASHINGTON,WR,6.2
2017,Desmond King,IOWA,S,6.2
2017,Jarron Jones,NOTRE DAME,DT,6.2
2017,Zay Jones,EAST CAROLINA,WR,6.2
2017,D.J. Jones,MISSISSIPPI,DT,6.2
2017,John Johnson,BOSTON COLLEGE,S,6.2
2017,Jaleel Johnson,IOWA,DT,6.2
2017,Chad Hansen,CALIFORNIA,WR,6.2
2017,Chris Godwin,PENN ST.,WR,6.2
2017,Shelton Gibson,WEST VIRGINIA,WR,6.2
2017,Antonio Garcia,TROY,OT,6.2
2017,D'Onta Foreman,TEXAS,RB,6.2
2017,Isaiah Ford,VIRGINIA TECH,WR,6.2
2017,Dan Feeney,INDIANA,OG,6.2
2017,Zach Banner,USC,OT,6.2
2017,Chidobe Awuzie,COLORADO,CB,6.2
2017,Alex Anzalone,FLORIDA,LB,6.2
2017,Howard Wilson,HOUSTON,CB,6.1
2017,Carlos Watkins,CLEMSON,DT,6.1
2017,Demarcus Walker,FLORIDA ST.,DE,6.1
2017,Charles Walker,OKLAHOMA,DT,6.1
2017,Anthony Walker,NORTHWESTERN,LB,6.1
2017,Eddie Vanderdoes,UCLA,DT,6.1
2017,Stevie Tu'Ikolovatu,USC,NT,6.1
2017,Dalvin Tomlinson,ALABAMA,DT,6.1
2017,Tedric Thompson,COLORADO,FS,6.1
2017,Nico Siragusa,SAN DIEGO ST.,OG,6.1
2017,Travis Rudolph,FLORIDA ST.,WR,6.1
2017,Elijah Qualls,WASHINGTON,DT,6.1
2017,Samaje Perine,OKLAHOMA,RB,6.1
2017,Noble Nwachukwu,WEST VIRGINIA,DE,6.1
2017,Fabian Moreau,UCLA,CB,6.1
2017,Jeremy Mcnichols,BOISE ST.,RB,6.1
2017,Raekwon Mcmillan,OHIO ST.,LB,6.1
2017,Marlon Mack,SOUTH FLORIDA,RB,6.1
2017,William Likely,MARYLAND,DB,6.1
2017,Jordan Leggett,CLEMSON,TE,6.1
2017,Tanoh Kpassagnon,VILLANOVA,DE,6.1
2017,Kevin King,WASHINGTON,CB,6.1
2017,Damontae Kazee,SAN DIEGO ST.,CB,6.1
2017,Brad Kaaya,MIAMI,QB,6.1
2017,Nazair Jones,NORTH CAROLINA,DT,6.1
2017,Roderick Johnson,FLORIDA ST.,OT,6.1
2017,Lorenzo Jerome,ST. FRANCIS (PA),S,6.1
2017,Kareem Hunt,TOLEDO,RB,6.1
2017,Mack Hollins,NORTH CAROLINA,WR,6.1
2017,Will Holden,VANDERBILT,OT,6.1
2017,Trey Hendrickson,FLORIDA ATLANTIC,DE,6.1
2017,Carlos Henderson,LOUISIANA TECH,WR,6.1
2017,Josh Harvey-Clemons,LOUISVILLE,S,6.1
2017,Daeshon Hall,TEXAS A&M,DE,6.1
2017,Travin Dural,LSU,WR,6.1
2017,Amara Darboh,MICHIGAN,WR,6.1
2017,Collin Buchanan,MIAMI (OH),OL,6.1
2017,Noah Brown,OHIO ST.,WR,6.1
2017,Blair Brown,OHIO,LB,6.1
2017,Tyus Bowser,HOUSTON,LB,6.1
2017,Adam Bisnowaty,PITTSBURGH,OT,6.1
2017,Kendell Beckwith,LSU,ILB,6.1
2017,Tarell Basham,OHIO,DE,6.1
2017,Isaac Asiata,UTAH,OG,6.1
2017,Montravius Adams,AUBURN,DT,6.1
2017,Deatrich Wise,ARKANSAS,DE,5.9
2017,Joe Williams,UTAH,RB,5.9
2017,Jon Toth,KENTUCKY,C,5.9
2017,Vincent Taylor,OKLAHOMA ST.,DT,5.9
2017,Damore'Ea Stringfellow,MISSISSIPPI,WR,5.9
2017,Dawuane Smoot,ILLINOIS,DE,5.9
2017,Jonnu Smith,FLORIDA INTERNATIONAL,TE,5.9
2017,Tanzel Smart,TULANE,DT,5.9
2017,Rushel Shell,WEST VIRGINIA,RB,5.9
2017,David Sharpe,FLORIDA,OT,5.9
2017,Artavis Scott,CLEMSON,WR,5.9
2017,Eric Saubert,DRAKE,TE,5.9
2017,Chase Roullier,WYOMING,C,5.9
2017,Isaac Rochell,NOTRE DAME,DT,5.9
2017,Jalen Robinette,AIR FORCE,WR,5.9
2017,Michael Roberts,TOLEDO,TE,5.9
2017,Derek Rivers,YOUNGSTOWN ST.,DE,5.9
2017,Duke Riley,LSU,OLB,5.9
2017,Jalen Reeves-Maybin,TENNESSEE,LB,5.9
2017,Ejuan Price,PITTSBURGH,DE,5.9
2017,Carroll Phillips,ILLINOIS,DE,5.9
2017,Tyler Orlosky,WEST VIRGINIA,C,5.9
2017,Ifeadi Odenigbo,NORTHWESTERN,DL,5.9
2017,Avery Moss,YOUNGSTOWN ST.,DE,5.9
2017,Jordan Morgan,KUTZTOWN (PA),G,5.9
2017,Matt Milano,BOSTON COLLEGE,OLB,5.9
2017,Damien Mama,USC,G,5.9
2017,Elijah Lee,KANSAS ST.,LB,5.9
2017,Brendan Langley,LAMAR,CB,5.9
2017,George Kittle,IOWA,TE,5.9
2017,Chad Kelly,MISSISSIPPI,QB,5.9
2017,Jadar Johnson,CLEMSON,S,5.9
2017,Rayshawn Jenkins,MIAMI,S,5.9
2017,Eddie Jackson,ALABAMA,S,5.9
2017,Brian Hill,WYOMING,RB,5.9
2017,Keon Hatcher,ARKANSAS,WR,5.9
2017,Connor Harris,LINDENWOOD,ILB,5.9
2017,Nate Hairston,TEMPLE,CB,5.9
2017,Shaquill Griffin,CENTRAL FLORIDA,DB,5.9
2018,Avonte Maddox,PITTSBURGH,CB,5.9
2018,Phillip Lindsay,COLORADO,RB,5.9
2018,Allen Lazard,IOWA ST.,WR,5.9
2018,Jordan Lasley,UCLA,WR,5.9
2018,Peter Kalambayi,STANFORD,EDGE,5.9
2018,Justin Jones,N.C. STATE,DT,5.9
2018,Taron Johnson,WEBER ST.,CB,5.9
2018,Josey Jewell,IOWA,ILB,5.9
2018,Richie James,MIDDLE TENNESSEE ST.,WR,5.9
2018,Ryan Izzo,FLORIDA ST.,TE,5.9
2018,Trayvon Henderson,HAWAII,S,5.9
2018,Taylor Hearn,CLEMSON,G,5.9
2018,Shaquem Griffin,CENTRAL FLORIDA,OLB,5.9
2018,Colby Gossett,APPALACHIAN ST.,G,5.9
2018,Russell Gage,LSU,WR,5.9
2018,Marcell Frazier,MISSOURI,DE,5.9
2018,John Franklin-Myers,STEPHEN F. AUSTIN,DE,5.9
2018,Daurice Fountain,NORTHERN IOWA,WR,5.9
2018,Tre Flowers,OKLAHOMA ST.,S,5.9
2018,Kylie Fitts,UTAH,EDGE,5.9
2018,Deshon Elliott,TEXAS,S,5.9
2018,Chase Edmonds,FORDHAM,RB,5.9
2018,Will Dissly,WASHINGTON,TE,5.9
2018,Dane Cruikshank,ARIZONA,S,5.9
2018,Jack Cichy,WISCONSIN,ILB,5.9
2018,Darren Carrington Ii,UTAH,WR,5.9
2018,Deontay Burnett,USC,WR,5.9
2018,Oren Burks,VANDERBILT,LB,5.9
2018,Tony Brown,ALABAMA,CB,5.9
2018,Bradley Bozeman,ALABAMA,C,5.9
2018,Ike Boettger,IOWA,G,5.9
2018,Quin Blanding,VIRGINIA,S,5.9
2018,Braxton Berrios,MIAMI,WR,5.9
2018,Nick Bawden,SAN DIEGO ST.,RB,5.9
2018,Kalen Ballage,ARIZONA STATE,RB,5.9
2018,Genard Avery,MEMPHIS,ILB,5.9
2018,Dejon Allen,HAWAII,C,5.9
2018,Trevon Young,LOUISVILLE,EDGE,5.8
2018,Javon Wims,GEORGIA,WR,5.8
2018,Jordan Wilkins,MISSISSIPPI,RB,5.8
2018,Jester Weah,PITTSBURGH,WR,5.8
2018,Marquez Valdes-Scantling,SOUTH FLORIDA,WR,5.8
2018,Brett Toth,ARMY,OT,5.8
2018,Jullian Taylor,TEMPLE,DT,5.8
2018,Greg Stroman,VIRGINIA TECH,CB,5.8
2018,Aaron Stinnie,JAMES MADISON,G,5.8
2018,Taylor Stallworth,SOUTH CAROLINA,DT,5.8
2018,Vyncint Smith,LIMESTONE,WR,5.8
2018,Tremon Smith,CENTRAL ARKANSAS,CB,5.8
2018,Jaleel Scott,NEW MEXICO ST.,WR,5.8
2018,Trey Quinn,SMU,WR,5.8
2018,Byron Pringle,KANSAS ST.,WR,5.8
2018,Darius Phillips,WESTERN MICHIGAN,CB,5.8
2018,Cody O'Connell,WASHINGTON ST.,G,5.8
2018,Bilal Nichols,DELAWARE,DL,5.8
2018,Skai Moore,SOUTH CAROLINA,OLB,5.8
2018,Quenton Meeks,STANFORD,S,5.8
2018,Jake Martin,TEMPLE,EDGE,5.8
2018,K.J. Malone,LSU,G,5.8
2018,Jim Looney,CALIFORNIA,DE,5.8
2018,Kyle Lauletta,RICHMOND,QB,5.8
2018,Jamarcus King,SOUTH CAROLINA,CB,5.8
2018,Kam Kelly,SAN DIEGO ST.,S,5.8
2018,Michael Joseph,DUBUQUE,CB,5.8
2018,Natrell Jamerson,WISCONSIN,S,5.8
2018,Justin Jackson,NORTHWESTERN,RB,5.8
2018,Joel Iyiegbuniwe,WESTERN KENTUCKY,LB,5.8
2018,Steve Ishmael,SYRACUSE,WR,5.8
2018,Quadree Henderson,PITTSBURGH,WR,5.8
2018,Grant Haley,PENN ST.,CB,5.8
2018,Troy Fumagalli,WISCONSIN,TE,5.8
2018,Mike Ford,SOUTHEAST MISSOURI ST.,CB,5.8
2018,Brandon Facyson,VIRGINIA TECH,CB,5.8
2018,Joseph Davidson,BOWLING GREEN,P,5.8
2018,Simmie Cobbs,INDIANA,WR,5.8
2018,Will Clapp,LSU,C,5.8
2018,Daniel Carlson,AUBURN,K,5.8
2018,Tanner Carew,OREGON,LS,5.8
2018,Ade Aruna,TULANE,EDGE,5.8
2018,Brian Allen,MICHIGAN ST.,C,5.8
2018,Jordan Akins,CENTRAL FLORIDA,TE,5.8
2018,Kenny Young,UCLA,ILB,5.6
2018,Eddy Wilson,PURDUE,DT,5.6
2018,Jojo Wicker,ARIZONA STATE,DT,5.6
2018,Ka'Raun White,WEST VIRGINIA,WR,5.6
2018,Sean Welsh,IOWA,C,5.6
2018,D'Montre Wade,MURRAY ST.,CB,5.6
2018,Jalen Tolliver,ARKANSAS-MONTICELLO,WR,5.6
2018,Roc Thomas,JACKSONVILLE ST.,RB,5.6
2018,Matthew Thomas,FLORIDA ST.,OLB,5.6
2018,Jordan Thomas,MISSISSIPPI ST.,TE,5.6
2018,Chandon Sullivan,GEORGIA STATE,CB,5.6
2018,Damion Ratley,TEXAS A&M,WR,5.6
2018,Quentin Poling,OHIO,LB,5.6
2018,Eddy Pineiro,FLORIDA,K,5.6
2018,Foye Oluokun,YALE,LB,5.6
2018,George Odum,CENTRAL ARKANSAS,S,5.6
2018,Elijah Nkansah,TOLEDO,OT,5.6
2018,Deatrick Nichols,SOUTH FLORIDA,CB,5.6
2018,Gary Mcknight,NORTHEASTERN (OKLA.) ST.,WR,5.6
2018,Kahlil Mckenzie,TENNESSEE,DT,5.6
2018,Trey Marshall,FLORIDA ST.,S,5.6
2018,Mike Love,SOUTH FLORIDA,EDGE,5.6
2018,Tomasi Laulile,BYU,DT,5.6
2018,Du'Vonta Lampkin,OKLAHOMA,DT,5.6
2018,Nick Keizer,GRAND VALLEY ST.,TE,5.6
2018,Joshua Kalu,NEBRASKA,S,5.6
2018,Danny Johnson,SOUTHERN,CB,5.6
2018,Ryan Green,FLORIDA STATE,RB,5.6
2018,Matt Gono,WESLEY,G,5.6
2018,Poona Ford,TEXAS,NT,5.6
2018,Riley Ferguson,MEMPHIS,QB,5.6
2018,Rashard Fant,INDIANA,CB,5.6
2018,Zachary Crabtree,OKLAHOMA ST.,OT,5.6
2018,Jordan Chunn,TROY,RB,5.6
2018,Andre Chachere,SAN JOSE ST.,CB,5.6
2018,Dylan Cantrell,TEXAS TECH,WR,5.6
2018,Ja'Whaun Bentley,PURDUE,ILB,5.6
2018,John Atkins,GEORGIA,DT,5.6
2018,Troy Apke,PENN ST.,S,5.6
2018,Abdullah Anderson,BUCKNELL,DT,5.6
2018,Ola Adeniyi,TOLEDO,EDGE,5.6
2018,Josh Adams,NOTRE DAME,RB,5.6
2018,Anthony Winbush,BALL ST.,EDGE,5.5
2018,Jake Wieneke,SOUTH DAKOTA ST.,WR,5.5
2018,David Wells,SAN DIEGO ST.,TE,5.5
2018,Chris Warren,TEXAS,RB,5.5
2018,Levi Wallace,ALABAMA,CB,5.5
2018,Andrew Vollert,WEBER ST.,TE,5.5
2018,Johnny Townsend,FLORIDA,P,5.5
2018,Rod Taylor,MISSISSIPPI,G,5.5
2018,Ito Smith,SOUTHERN MISS,RB,5.5
2018,Coleman Shelton,WASHINGTON,C,5.5
2018,Greg Senat,WAGNER,OT,5.5
2018,Niles Scott,FROSTBURG ST.,DT,5.5
2018,Bunmi Rotimi,OLD DOMINION,DE,5.5
2018,Ja'Von Rolland-Jones,ARKANSAS STATE,EDGE,5.5
2018,Cole Reyes,NORTH DAKOTA,S,5.5
2018,Jeremy Reaves,SOUTH ALABAMA,S,5.5
2018,Emmanuel Moseley,TENNESSEE,CB,5.5
2018,Keith Kirkwood,TEMPLE,WR,5.5
2018,Sebastian Joseph-Day,RUTGERS,DT,5.5
2018,Sam Jones,ARIZONA STATE,C,5.5
2018,Khalid Hill,MICHIGAN,FB,5.5
2018,Zay Henderson,TEXAS A&M,DT,5.5
2018,Bruce Hector,SOUTH FLORIDA,DT,5.5
2018,Heath Harding,MIAMI (OH),CB,5.5
2018,Shaun Dion Hamilton,ALABAMA,ILB,5.5
2018,Davon Grayson,EAST CAROLINA,WR,5.5
2018,Nick Gates,NEBRASKA,G,5.5
2018,Aaron Evans,CENTRAL FLORIDA,G,5.5
2018,Garret Dooley,WISCONSIN,EDGE,5.5
2018,Kendall Donnerson,SOUTHEAST MISSOURI ST.,EDGE,5.5
2018,Korey Cunningham,CINCINNATI,OT,5.5
2018,Tyrone Crowder,CLEMSON,G,5.5
2018,Anthony Coyle,FORDHAM,G,5.5
2018,Amari Coleman,CENTRAL MICHIGAN,CB,5.5
2018,Jermaine Carter,MARYLAND,ILB,5.5
2018,Chris Campbell,PENN ST.,CB,5.5
2018,Jason Cabinda,PENN ST.,ILB,5.5
2018,David Bright,STANFORD,G,5.5
2018,Kurt Benkert,VIRGINIA,QB,5.5
2018,Davin Bellamy,GEORGIA,EDGE,5.5
2018,Mike Basile,MONMOUTH (NJ),S,5.5
2018,Mike Badgley,MIAMI,K,5.5
2018,Haston Adams,MARY HARDIN-BAYLOR,DT,5.5
2018,Deon Yelder,WESTERN KENTUCKY,TE,5.4
2018,Chris Worley,OHIO ST.,ILB,5.4
2018,Logan Woodside,TOLEDO,QB,5.4
2018,Ethan Wolf,TENNESSEE,TE,5.4
2018,Jeff Wilson,NORTH TEXAS,RB,5.4
2018,Tre' Williams,AUBURN,ILB,5.4
2018,Taj Williams,TCU,WR,5.4
2018,Chucky Williams,LOUISVILLE,S,5.4
2018,Ralph Webb,VANDERBILT,RB,5.4
2018,Azeem Victor,WASHINGTON,ILB,5.4
2018,Leka Uhatafe,UTAH,G,5.4
2018,Shane Tripucka,TEXAS A&M,P,5.4
2018,Henre' Toliver,ARKANSAS,CB,5.4
2018,Corey Thompson,LSU,LB,5.4
2018,J.T. Thomas,OKLAHOMA,CB,5.4
2018,Jamar Summers,CONNECTICUT,S,5.4
2018,Linden Stephens,CINCINNATI,CB,5.4
2018,Arrion Springs,OREGON,CB,5.4
2018,Van Smith,CLEMSON,S,5.4
2018,Antonio Simmons,GEORGIA TECH,DE,5.4
2018,Nic Shimonek,TEXAS TECH,QB,5.4
2018,Conor Sheehy,WISCONSIN,DT,5.4
2018,Cam Serigne,WAKE FOREST,TE,5.4
2018,Austin Schlottmann,TCU,C,5.4
2018,Dante Sawyer,SOUTH CAROLINA,DT,5.4
2018,Dominick Sanders,GEORGIA,S,5.4
2018,Korey Robertson,SOUTHERN MISS,WR,5.4
2018,Demario Richard,ARIZONA STATE,RB,5.4
2018,Max Redfield,INDIANA (PA),S,5.4
2018,Malik Reaves,VILLANOVA,CB,5.4
2018,Austin Ramesh,WISCONSIN,FB,5.4
2018,Jake Pugh,FLORIDA ST.,OLB,5.4
2018,Saquon Barkley,PENN STATE,RB,7.45
2018,Quenton Nelson,NOTRE DAME,G,7.4
2018,Bradley Chubb,N.C. STATE,DE,7.4
2018,Tremaine Edmunds,VIRGINIA TECH,ILB,7.3
2018,Sam Darnold,USC,QB,7.1
2018,Vita Vea,WASHINGTON,DT,7.0
2018,Roquan Smith,GEORGIA,LB,7.0
2018,Daron Payne,ALABAMA,DT,7.0
2018,Denzel Ward,OHIO ST.,CB,6.8
2018,Leighton Vander Esch,BOISE ST.,ILB,6.8
2018,Calvin Ridley,ALABAMA,WR,6.8
2018,Derwin James,FLORIDA ST.,S,6.8
2018,Taven Bryan,FLORIDA,DT,6.8
2018,Isaiah Wynn,GEORGIA,T,6.7
2018,Josh Rosen,UCLA,QB,6.7
2018,Justin Reid,STANFORD,S,6.7
2018,Baker Mayfield,OKLAHOMA,QB,6.7
2018,Harold Landry,BOSTON COLLEGE,EDGE,6.7
2018,Ronald Jones,USC,RB,6.7
2018,Josh Jackson,IOWA,CB,6.7
2018,Darius Price,SIENA HEIGHTS,S,5.4
2018,Ike Powell,AUBURN,LS,5.4
2018,Jamiyus Pittman,CENTRAL FLORIDA,DT,5.4
2018,Cam Phillips,VIRGINIA TECH,WR,5.4
2018,Kamryn Pettway,AUBURN,RB,5.4
2018,Luis Perez,TEXAS A&M-COMMERCE,QB,5.4
2018,Steven Parker,OKLAHOMA,S,5.4
2018,Jonathan Owens,MISSOURI WESTERN,S,5.4
2018,Matthew Oplinger,YALE,ILB,5.4
2018,Jacob Ohnesorge,SOUTH DAKOTA ST.,C,5.4
2018,Ryan Nall,OREGON ST.,RB,5.4
2018,Andrew Motuapuaka,VIRGINIA TECH,ILB,5.4
2018,Nyles Morgan,NOTRE DAME,ILB,5.4
2018,Kam Moore,BOSTON COLLEGE,CB,5.4
2018,Filipo Mokofisi,UTAH,DT,5.4
2018,Steven Mitchell,USC,WR,5.4
2018,Montrel Meander,GRAMBLING ST.,S,5.4
2018,Kc Mcdermott,MIAMI,G,5.4
2018,Matt Mccrane,KANSAS ST.,K,5.4
2018,Ray-Ray Mccloud,CLEMSON,WR,5.4
2018,Claudy Mathieu,NOTRE DAME COLLEGE,DE,5.4
2018,T.J. Martin,WASHINGTON ST.,WR,5.4
2018,Blake Mack,ARKANSAS STATE,TE,5.4
2018,Frankie Luvu,WASHINGTON ST.,EDGE,5.4
2018,Brad Lundblade,OKLAHOMA ST.,C,5.4
2018,Lowell Lotulelei,UTAH,DT,5.4
2018,Chase Litton,MARSHALL,QB,5.4
2018,Andre Levrone,VIRGINIA,WR,5.4
2018,Rick Leonard,FLORIDA ST.,OT,5.4
2018,Tanner Lee,NEBRASKA,QB,5.4
2018,Justin Lawler,SMU,DE,5.4
2018,Joel Lanning,IOWA ST.,ILB,5.4
2018,Afolabi Laguda,COLORADO,S,5.4
2018,Chris Lacy,OKLAHOMA ST.,WR,5.4
2018,Gerrad Kough,COLORADO,G,5.4
2018,Jj Jones,WEST GEORGIA,WR,5.4
2018,Chris Jones,NEBRASKA,CB,5.4
2018,Dewey Jarvis,BROWN,EDGE,5.4
2018,Alec James,WISCONSIN,DE,5.4
2018,Darius Jackson,JACKSONVILLE ST.,EDGE,5.4
2018,Jeromy Irwin,COLORADO,OT,5.4
2018,Myles Humphrey,SHEPHERD,EDGE,5.4
2018,Connor Hilland,WILLIAM & MARY,G,5.4
2018,Kyle Hicks,TCU,RB,5.4
2018,Cory Helms,SOUTH CAROLINA,C,5.4
2018,James Hearns,LOUISVILLE,EDGE,5.4
2018,Austin Golson,AUBURN,C,5.4
2018,Frank Ginda,SAN JOSE ST.,LB,5.4
2018,Greg Gilmore,LSU,DT,5.4
2018,Josh Frazier,ALABAMA,DT,5.4
2018,Robert Foster,ALABAMA,WR,5.4
2018,Keith Ford,TEXAS A&M,RB,5.4
2018,Quinton Flowers,SOUTH FLORIDA,RB,5.4
2018,Sharif Finch,TEMPLE,EDGE,5.4
2018,Ajay Fanene,MARY HARDIN-BAYLOR,DE,5.4
2018,Donnie Ernsberger,WESTERN MICHIGAN,RB,5.4
2018,Gus Edwards,RUTGERS,RB,5.4
2018,Ross Dwelley,SAN DIEGO,TE,5.4
2018,Steven Dunbar,HOUSTON,WR,5.4
2018,Christian Dilauro,ILLINOIS,OT,5.4
2018,Matt Dickerson,UCLA,DT,5.4
2018,Nick Deluca,NORTH DAKOTA ST.,OLB,5.4
2018,Dee Delaney,MIAMI,CB,5.4
2018,Trevor Daniel,TENNESSEE,P,5.4
2018,Chris Covington,INDIANA,OLB,5.4
2018,Lavon Coleman,WASHINGTON,RB,5.4
2018,Sean Chandler,TEMPLE,S,5.4
2018,Trenton Cannon,VIRGINIA ST.,RB,5.4
2018,Jeremiah Briscoe,SAM HOUSTON ST.,QB,5.4
2018,Devonte Boyd,UNLV,WR,5.4
2018,Kyle Bosch,WEST VIRGINIA,G,5.4
2018,Bryce Bobo,COLORADO,WR,5.4
2018,Jeb Blazevich,GEORGIA,TE,5.4
2018,Saeed Blacknall,PENN ST.,WR,5.4
2018,Keishawn Bierria,WASHINGTON,ILB,5.4
2018,Marcus Baugh,OHIO ST.,TE,5.4
2018,J.T. Barrett,OHIO ST.,QB,5.4
2018,Jeff Badet,OKLAHOMA,WR,5.4
2018,Darren Andrews,UCLA,WR,5.4
2018,Jacob Alsadek,ARIZONA,G,5.4
2018,Austin Allen,ARKANSAS,QB,5.4
2018,Jaelon Acklin,WESTERN ILLINOIS,WR,5.4
2018,Ryan Winslow,PITTSBURGH,P,5.1
2018,Maea Teuhema,SOUTHEASTERN LOUISIANA,G,5.1
2018,Nick Stevens,COLORADO ST.,QB,5.1
2018,Cam Sims,ALABAMA,WR,5.1
2018,Brandon Silvers,TROY,QB,5.1
2018,Drew Scott,KANSAS ST.,LS,5.1
2018,Auggie Sanchez,SOUTH FLORIDA,ILB,5.1
2018,Larry Rose Iii,NEW MEXICO ST.,RB,5.1
2018,D.J. Palmore,NAVY,EDGE,5.1
2018,Jamar Mcgloster,SYRACUSE,OT,5.1
2018,Marcus Martin,SLIPPERY ROCK,EDGE,5.1
2018,Jordan Martin,SYRACUSE,S,5.1
2018,Elijah Marks,NORTHERN ARIZONA,WR,5.1
2018,Christian Lacouture,LSU,DT,5.1
2018,Austin Kuhnert,NORTH DAKOTA ST.,C,5.1
2018,Mark Korte,ALBERTA,C,5.1
2018,Dalton Keene,ILLINOIS ST.,DE,5.1
2018,D'Ernest Johnson,SOUTH FLORIDA,RB,5.1
2018,Garrett Hudson,RICHMOND,TE,5.1
2018,Marcell Harris,FLORIDA,S,5.1
2018,Damon Gibson,MINNESOTA-MOORHEAD,TE,5.1
2018,Jarvion Franklin,WESTERN MICHIGAN,RB,5.1
2018,Danny Etling,LSU,QB,5.1
2018,Gerhard De Beer,ARIZONA,OT,5.1
2018,Trevor Darling,MIAMI,G,5.1
2018,Justin Crawford,WEST VIRGINIA,RB,5.1
2018,Parker Cothren,PENN ST.,DT,5.1
2018,Curtis Cothran,PENN ST.,DT,5.1
2018,Secdrick Cooper,LOUISIANA TECH,CB,5.1
2018,Regis Cibasu,MONTREAL,WR,5.1
2018,Martez Carter,GRAMBLING ST.,RB,5.1
2018,Drew Brown,NEBRASKA,K,5.1
2018,Cole Boozer,TEMPLE,OT,5.1
2018,Mike Boone,CINCINNATI,RB,5.1
2018,Jake Bennett,COLORADO ST.,C,5.1
2018,Parris Bennett,SYRACUSE,ILB,5.1
2018,Will Hernandez,TEXAS-EL PASO,G,6.7
2018,Derrius Guice,LSU,RB,6.7
2018,Minkah Fitzpatrick,ALABAMA,S,6.7
2018,Rashaan Evans,ALABAMA,OLB,6.7
2018,Carlton Davis,AUBURN,CB,6.7
2018,James Daniels,IOWA,OL,6.7
2018,Jaire Alexander,LOUISVILLE,CB,6.7
2018,Billy Price,OHIO ST.,C,6.4
2018,Isaiah Oliver,COLORADO,CB,6.4
2018,Sony Michel,GEORGIA,RB,6.4
2018,Mike Mcglinchey,NOTRE DAME,OT,6.4
2018,Lamar Jackson,LOUISVILLE,QB,6.4
2018,Maurice Hurst,MICHIGAN,DT,6.4
2018,Hayden Hurst,SOUTH CAROLINA,TE,6.4
2018,Mike Hughes,CENTRAL FLORIDA,CB,6.4
2018,Mike Gesicki,PENN ST.,TE,6.4
2018,Marcus Davenport,TEXAS-SAN ANTONIO,DE,6.4
2018,Josh Allen,WYOMING,QB,6.4
2018,Connor Williams,TEXAS,G,6.3
2018,Ian Thomas,INDIANA,TE,6.3
2018,Courtland Sutton,SMU,WR,6.3
2018,Tim Settle,VIRGINIA TECH,DT,6.3
2018,Harrison Phillips,STANFORD,DT,6.3
2018,Rashaad Penny,SAN DIEGO ST.,RB,6.3
2018,Tarvarius Moore,SOUTHERN MISS,S,6.3
2018,D.J. Moore,MARYLAND,WR,6.3
2018,Kolton Miller,UCLA,OT,6.3
2018,Darius Leonard,SOUTH CAROLINA ST.,OLB,6.3
2018,Christian Kirk,TEXAS A&M,WR,6.3
2018,Kerryon Johnson,AUBURN,RB,6.3
2018,Donte Jackson,LSU,CB,6.3
2018,Sam Hubbard,OHIO ST.,DE,6.3
2018,Ronnie Harrison,ALABAMA,S,6.3
2018,Rasheem Green,USC,DE,6.3
2018,Dallas Goedert,SOUTH DAKOTA ST.,TE,6.3
2018,D.J. Chark,LSU,WR,6.3
2018,Lorenzo Carter,GEORGIA,EDGE,6.3
2018,Deon Cain,CLEMSON,WR,6.3
2018,Jessie Bates,WAKE FOREST,S,6.3
2018,Kyzir White,WEST VIRGINIA,S,6.2
2018,Armani Watts,TEXAS A&M,S,6.2
2018,James Washington,OKLAHOMA ST.,WR,6.2
2018,Kemoko Turay,RUTGERS,EDGE,6.2
2018,M.J. Stewart,NORTH CAROLINA,CB,6.2
2018,Equanimeous St. Brown,NOTRE DAME,WR,6.2
2018,Braden Smith,AUBURN,G,6.2
2018,Nathan Shepherd,FORT HAYS ST.,DT,6.2
2018,Dalton Schultz,STANFORD,TE,6.2
2018,Mason Rudolph,OKLAHOMA ST.,QB,6.2
2018,Will Richardson,N.C. STATE,OT,6.2
2018,Martinas Rankin,MISSISSIPPI ST.,C,6.2
2018,Frank Ragnow,ARKANSAS,C,6.2
2018,Dante Pettis,WASHINGTON,WR,6.2
2018,Brian O'Neill,PITTSBURGH,OT,6.2
2018,Uchenna Nwosu,USC,EDGE,6.2
2018,Joe Noteboom,TCU,OT,6.2
2018,Derrick Nnadi,FLORIDA ST.,DT,6.2
2018,Parry Nickerson,TULANE,CB,6.2
2018,Anthony Miller,MEMPHIS,WR,6.2
2018,Jamarco Jones,OHIO ST.,OT,6.2
2018,Jalyn Holmes,OHIO ST.,DE,6.2
2018,Desmond Harrison,WEST GEORGIA,OT,6.2
2018,Da'Shawn Hand,ALABAMA,DE,6.2
2018,Daesean Hamilton,PENN ST.,WR,6.2
2018,P.J. Hall,SAM HOUSTON ST.,NT,6.2
2018,Michael Gallup,COLORADO ST.,WR,6.2
2018,Foley Fatukasi,CONNECTICUT,DT,6.2
2018,Duke Ejiofor,WAKE FOREST,DE,6.2
2018,Michael Dickson,TEXAS,P,6.2
2018,Duke Dawson,FLORIDA,CB,6.2
2018,Tyrell Crosby,OREGON,G,6.2
2018,Austin Corbett,NEVADA,G,6.2
2018,Nick Chubb,GEORGIA,RB,6.2
2018,Orlando Brown,OKLAHOMA,OT,6.2
2018,Jerome Baker,OHIO ST.,OLB,6.2
2018,Anthony Averett,ALABAMA,CB,6.2
2018,Mark Andrews,OKLAHOMA,TE,6.2
2018,Isaac Yiadom,BOSTON COLLEGE,CB,6.1
2018,Mike White,WESTERN KENTUCKY,QB,6.1
2018,Fred Warner,BYU,OLB,6.1
2018,Kevin Toliver,LSU,CB,6.1
2018,Trenton Thompson,GEORGIA,DT,6.1
2018,Chad Thomas,MIAMI,DE,6.1
2018,Wyatt Teller,VIRGINIA TECH,G,6.1
2018,Josh Sweat,FLORIDA ST.,EDGE,6.1
2018,Breeland Speaks,MISSISSIPPI,DT,6.1
2018,Durham Smythe,NOTRE DAME,TE,6.1
2018,Tre'Quan Smith,CENTRAL FLORIDA,WR,6.1
2018,Deadrin Senat,SOUTH FLORIDA,DT,6.1
2018,J.K. Scott,ALABAMA,P,6.1
2018,Bo Scarbrough,ALABAMA,RB,6.1
2018,Tegray Scales,INDIANA,ILB,6.1
2018,D.J. Reed,KANSAS ST.,CB,6.1
2018,Scott Quessenberry,UCLA,C,6.1
2018,Obo Okoronkwo,OKLAHOMA,EDGE,6.1
2018,Chukwuma Okorafor,WESTERN MICHIGAN,OT,6.1
2018,Dorian O'Daniel,CLEMSON,OLB,6.1
2018,Kendrick Norton,MIAMI,DT,6.1
2018,Nick Nelson,WISCONSIN,CB,6.1
2018,J'Mon Moore,MISSOURI,WR,6.1
2018,Tyquan Lewis,OHIO ST.,DE,6.1
2018,Micah Kiser,VIRGINIA,ILB,6.1
2018,Arden Key,LSU,EDGE,6.1
2018,John Kelly,TENNESSEE,RB,6.1
2018,Jaryd Jones-Smith,PITTSBURGH,OT,6.1
2018,Malik Jefferson,TEXAS,OLB,6.1
2018,Leon Jacobs,WISCONSIN,EDGE,6.1
2018,J.C. Jackson,MARYLAND,CB,6.1
2018,Godwin Igwebuike,NORTHWESTERN,S,6.1
2018,Jeff Holland,AUBURN,EDGE,6.1
2018,Nyheim Hines,N.C. STATE,RB,6.1
2018,Holton Hill,TEXAS,CB,6.1
2018,B.J. Hill,N.C. STATE,DT,6.1
2018,Chris Herndon,MIAMI,TE,6.1
2018,Marquis Haynes,MISSISSIPPI,EDGE,6.1
2018,Davontae Harris,ILLINOIS ST.,CB,6.1
2018,Rashaan Gaulden,TENNESSEE,S,6.1
2018,Royce Freeman,OREGON,RB,6.1
2018,Dimitri Flowers,OKLAHOMA,RB,6.1
2018,Luke Falk,WASHINGTON ST.,QB,6.1
2018,Terrell Edmunds,VIRGINIA TECH,S,6.1
2018,Jamil Demby,MAINE,G,6.1
2018,Keke Coutee,TEXAS TECH,WR,6.1
2018,Tyler Conklin,CENTRAL MICHIGAN,TE,6.1
2018,Mason Cole,MICHIGAN,C,6.1
2018,Geron Christian,LOUISVILLE,OT,6.1
2018,Alex Cappa,HUMBOLDT ST.,G,6.1
2018,Antonio Callaway,FLORIDA,WR,6.1
2018,Andrew Brown,VIRGINIA,DT,6.1
2018,Marcell Ateman,OKLAHOMA ST.,WR,6.1
2018,Dorance Armstrong,KANSAS,EDGE,6.1
2018,Marcus Allen,PENN ST.,S,6.1
2018,Ced Wilson,BOISE ST.,WR,5.9
2018,Darrel Williams,LSU,RB,5.9
2018,Jordan Whitehead,PITTSBURGH,S,5.9
2018,Toby Weathersby,LSU,G,5.9
2018,Justin Watson,PENNSYLVANIA,WR,5.9
2018,Mark Walton,MIAMI,RB,5.9
2018,Tracy Walker,LOUISIANA-LAFAYETTE,S,5.9
2018,Akrum Wadley,IOWA,RB,5.9
2018,Auden Tate,FLORIDA ST.,WR,5.9
2018,Kentavius Street,N.C. STATE,DE,5.9
2018,Andre Smith,NORTH CAROLINA,ILB,5.9
2018,Zach Sieler,FERRIS ST.,DE,5.9
2018,Jaylen Samuels,N.C. STATE,RB,5.9
2018,Christian Sam,ARIZONA STATE,ILB,5.9
2018,Stephen Roberts,AUBURN,S,5.9
2018,Matt Pryor,TCU,OT,5.9
2018,Skyler Phillips,IDAHO ST.,G,5.9
2018,Timon Parris,STONY BROOK,G,5.9
2018,Brandon Parker,NORTH CAROLINA A&T,OT,5.9
2018,Joe Ostman,CENTRAL MICHIGAN,EDGE,5.9
2018,Siran Neal,JACKSONVILLE ST.,S,5.9
2018,R.J. Mcintosh,MIAMI,DT,5.9
2018,Tarvarus Mcfadden,FLORIDA ST.,CB,5.9
2018,Mike Mccray,MICHIGAN,ILB,5.9
2018,Tray Matthews,AUBURN,S,5.9
2018,Hercules Mata'Afa,WASHINGTON ST.,EDGE,5.9
2018,Brendan Mahon,PENN ST.,G,5.9
2018,Cole Madison,WASHINGTON ST.,OL,5.9
